***REMOVED***;1
***REMOVED***;1
***REMOVED***;1
***REMOVED***;1
***REMOVED***;1
***REMOVED***;1
***REMOVED***;2
***REMOVED***;2
***REMOVED***;2
***REMOVED***;2
***REMOVED***;2
***REMOVED***;2
***REMOVED***;2
***REMOVED***;2
***REMOVED***;2
***REMOVED***;2
***REMOVED***;2
***REMOVED***;2
***REMOVED***;2
***REMOVED***;2
***REMOVED***;2
***REMOVED***;2
***REMOVED***;2
***REMOVED***;2
***REMOVED***;2
***REMOVED***;2
***REMOVED***;2
***REMOVED***;2
***REMOVED***;2
***REMOVED***;2
***REMOVED***;2
***REMOVED***;2
***REMOVED***;3
***REMOVED***;3
***REMOVED***;3
***REMOVED***;2
***REMOVED***;2
***REMOVED***;2
***REMOVED***;2
***REMOVED***;2
***REMOVED***;1
***REMOVED***;1
***REMOVED***;1
***REMOVED***;1
***REMOVED***;1
***REMOVED***;1
***REMOVED***;3
***REMOVED***;3
***REMOVED***;3
***REMOVED***;2
***REMOVED***;2
***REMOVED***;1
***REMOVED***;1
***REMOVED***;1
***REMOVED***;1
***REMOVED***;1
***REMOVED***;1
***REMOVED***;2
***REMOVED***;2
***REMOVED***;2
***REMOVED***;1
***REMOVED***;1
***REMOVED***;1
***REMOVED***;2
***REMOVED***;2
***REMOVED***;2
***REMOVED***;2
***REMOVED***;2
***REMOVED***;2
***REMOVED***;2
***REMOVED***;2
***REMOVED***;2
***REMOVED***;1
***REMOVED***;1
***REMOVED***;1
***REMOVED***;2
***REMOVED***;2
***REMOVED***;2
***REMOVED***;2
***REMOVED***;2
***REMOVED***;2
***REMOVED***;2
***REMOVED***;2
***REMOVED***;2
***REMOVED***;2
***REMOVED***;2
***REMOVED***;2
***REMOVED***;2
***REMOVED***;2
***REMOVED***;2
***REMOVED***;3
***REMOVED***;3
***REMOVED***;3
***REMOVED***;1
***REMOVED***;1
***REMOVED***;1
***REMOVED***;2
***REMOVED***;2
***REMOVED***;2
***REMOVED***;3
***REMOVED***;3
***REMOVED***;3
***REMOVED***;3
***REMOVED***;2
***REMOVED***;2
***REMOVED***;2
***REMOVED***;2
***REMOVED***;2
***REMOVED***;2
***REMOVED***;1
***REMOVED***;1
***REMOVED***;1
***REMOVED***;3
***REMOVED***;3
***REMOVED***;3
***REMOVED***;2
***REMOVED***;2
***REMOVED***;2
***REMOVED***;1
***REMOVED***;1
***REMOVED***;1
***REMOVED***;1
***REMOVED***;1
***REMOVED***;1
***REMOVED***;2
***REMOVED***;2
***REMOVED***;2
***REMOVED***;2
***REMOVED***;2
***REMOVED***;2
***REMOVED***;3
***REMOVED***;2
***REMOVED***;2
***REMOVED***;2
***REMOVED***;1
***REMOVED***;1
***REMOVED***;1
***REMOVED***;1
***REMOVED***;1
***REMOVED***;1
***REMOVED***;3
***REMOVED***;3
***REMOVED***;3
***REMOVED***;1
***REMOVED***;1
***REMOVED***;1
***REMOVED***;1
***REMOVED***;1
***REMOVED***;1
***REMOVED***;2
***REMOVED***;2
***REMOVED***;3
***REMOVED***;3
***REMOVED***;3
***REMOVED***;3
***REMOVED***;3
***REMOVED***;3
***REMOVED***;2
***REMOVED***;2
***REMOVED***;2
***REMOVED***;2
***REMOVED***;2
***REMOVED***;2
***REMOVED***;2
***REMOVED***;2
***REMOVED***;2
***REMOVED***;2
***REMOVED***;2
***REMOVED***;2
***REMOVED***;3
***REMOVED***;3
***REMOVED***;3
***REMOVED***;3
***REMOVED***;3
***REMOVED***;3
***REMOVED***;3
***REMOVED***;3
***REMOVED***;3
***REMOVED***;3
***REMOVED***;3
***REMOVED***;3
***REMOVED***;3
***REMOVED***;3
***REMOVED***;3
***REMOVED***;2
***REMOVED***;2
***REMOVED***;2
***REMOVED***;3
***REMOVED***;3
***REMOVED***;3
***REMOVED***;1
***REMOVED***;1
***REMOVED***;1
***REMOVED***;2
***REMOVED***;2
***REMOVED***;3
***REMOVED***;3
***REMOVED***;3
***REMOVED***;3
***REMOVED***;3
***REMOVED***;2
***REMOVED***;2
***REMOVED***;2
***REMOVED***;2
***REMOVED***;2
***REMOVED***;2
***REMOVED***;2
***REMOVED***;2
***REMOVED***;2
***REMOVED***;2
***REMOVED***;2
***REMOVED***;2
***REMOVED***;3
***REMOVED***;3
***REMOVED***;3
***REMOVED***;3
***REMOVED***;3
***REMOVED***;3
***REMOVED***;3
***REMOVED***;3
***REMOVED***;3
***REMOVED***;2
***REMOVED***;2
***REMOVED***;2
***REMOVED***;3
***REMOVED***;3
***REMOVED***;3
***REMOVED***;1
***REMOVED***;1
***REMOVED***;3
***REMOVED***;3
***REMOVED***;3
***REMOVED***;5
***REMOVED***;5
***REMOVED***;5
***REMOVED***;5
***REMOVED***;5
***REMOVED***;5
***REMOVED***;5
***REMOVED***;5
***REMOVED***;5
***REMOVED***;5
***REMOVED***;5
***REMOVED***;5
***REMOVED***;5
***REMOVED***;5
***REMOVED***;5
***REMOVED***;5
***REMOVED***;5
***REMOVED***;5
***REMOVED***;5
***REMOVED***;5
***REMOVED***;5
***REMOVED***;5
***REMOVED***;5
***REMOVED***;5
***REMOVED***;5
***REMOVED***;5
***REMOVED***;5
***REMOVED***;5
***REMOVED***;5
***REMOVED***;5
***REMOVED***;5
***REMOVED***;5
***REMOVED***;5
***REMOVED***;5
***REMOVED***;5
***REMOVED***;5
***REMOVED***;5
***REMOVED***;5
***REMOVED***;5
***REMOVED***;5
***REMOVED***;5
***REMOVED***;5
***REMOVED***;5
***REMOVED***;5
***REMOVED***;5
***REMOVED***;5
***REMOVED***;5
***REMOVED***;5
***REMOVED***;5
***REMOVED***;5
***REMOVED***;5
***REMOVED***;5
***REMOVED***;5
***REMOVED***;5
***REMOVED***;5
***REMOVED***;5
***REMOVED***;5
***REMOVED***;5
***REMOVED***;5
***REMOVED***;5
***REMOVED***;5
***REMOVED***;5
***REMOVED***;5
***REMOVED***;5
***REMOVED***;5
***REMOVED***;5
***REMOVED***;5
***REMOVED***;5
***REMOVED***;5
***REMOVED***;5
***REMOVED***;5
***REMOVED***;5
***REMOVED***;5
***REMOVED***;5
***REMOVED***;5
***REMOVED***;5
***REMOVED***;5
***REMOVED***;5
***REMOVED***;5
***REMOVED***;5
***REMOVED***;5
***REMOVED***;5
***REMOVED***;5
***REMOVED***;5
***REMOVED***;5
***REMOVED***;5
***REMOVED***;5
***REMOVED***;5
***REMOVED***;5
***REMOVED***;5
***REMOVED***;5
***REMOVED***;5
***REMOVED***;5
***REMOVED***;5
***REMOVED***;5
***REMOVED***;5
***REMOVED***;5
***REMOVED***;5
***REMOVED***;5
***REMOVED***;5
***REMOVED***;5
***REMOVED***;5
***REMOVED***;5
***REMOVED***;5
***REMOVED***;5
***REMOVED***;5
***REMOVED***;5
***REMOVED***;5
***REMOVED***;5
***REMOVED***;5
***REMOVED***;5
***REMOVED***;5
***REMOVED***;5
***REMOVED***;5
***REMOVED***;5
***REMOVED***;5
***REMOVED***;5
***REMOVED***;5
***REMOVED***;5
***REMOVED***;5
***REMOVED***;5
***REMOVED***;5
***REMOVED***;5
***REMOVED***;5
***REMOVED***;5
***REMOVED***;5
***REMOVED***;5
***REMOVED***;5
***REMOVED***;5
***REMOVED***;5
***REMOVED***;5
***REMOVED***;5
***REMOVED***;5
***REMOVED***;5
***REMOVED***;5
***REMOVED***;5
***REMOVED***;5
***REMOVED***;5
***REMOVED***;5
***REMOVED***;5
***REMOVED***;5
***REMOVED***;5
***REMOVED***;5
***REMOVED***;5
***REMOVED***;5
***REMOVED***;5
***REMOVED***;5
***REMOVED***;5
***REMOVED***;5
***REMOVED***;5
***REMOVED***;5
***REMOVED***;5
***REMOVED***;5
***REMOVED***;5
***REMOVED***;5
***REMOVED***;5
***REMOVED***;5
***REMOVED***;5
***REMOVED***;5
***REMOVED***;5
***REMOVED***;5
***REMOVED***;5
***REMOVED***;5
***REMOVED***;5
***REMOVED***;5
***REMOVED***;5
***REMOVED***;5
***REMOVED***;5
***REMOVED***;5
***REMOVED***;5
***REMOVED***;5
***REMOVED***;5
***REMOVED***;5
***REMOVED***;5
***REMOVED***;5
***REMOVED***;5
***REMOVED***;5
***REMOVED***;5
***REMOVED***;5
***REMOVED***;5
***REMOVED***;5
***REMOVED***;5
***REMOVED***;5
***REMOVED***;5
***REMOVED***;5
***REMOVED***;5
***REMOVED***;5
***REMOVED***;5
***REMOVED***;5
***REMOVED***;5
***REMOVED***;5
***REMOVED***;5
***REMOVED***;1
***REMOVED***;1
***REMOVED***;1
***REMOVED***;1
***REMOVED***;1
***REMOVED***;1
***REMOVED***;1
***REMOVED***;1
***REMOVED***;2
***REMOVED***;2
***REMOVED***;2
***REMOVED***;2
***REMOVED***;2
***REMOVED***;2
***REMOVED***;2
***REMOVED***;2
***REMOVED***;2
***REMOVED***;2
***REMOVED***;2
***REMOVED***;3
***REMOVED***;3
***REMOVED***;3
***REMOVED***;2
***REMOVED***;2
***REMOVED***;2
***REMOVED***;3
***REMOVED***;3
***REMOVED***;3
***REMOVED***;4
***REMOVED***;4
***REMOVED***;4
***REMOVED***;3
***REMOVED***;3
***REMOVED***;3
***REMOVED***;3
***REMOVED***;3
***REMOVED***;3
***REMOVED***;3
***REMOVED***;3
***REMOVED***;3
***REMOVED***;3
***REMOVED***;3
***REMOVED***;3
***REMOVED***;3
***REMOVED***;3
***REMOVED***;3
***REMOVED***;4
***REMOVED***;4
***REMOVED***;4
***REMOVED***;4
***REMOVED***;4
***REMOVED***;4
***REMOVED***;3
***REMOVED***;3
***REMOVED***;3
***REMOVED***;1
***REMOVED***;1
***REMOVED***;1
***REMOVED***;1
***REMOVED***;1
***REMOVED***;1
***REMOVED***;1
***REMOVED***;1
***REMOVED***;2
***REMOVED***;2
***REMOVED***;2
***REMOVED***;2
***REMOVED***;2
***REMOVED***;2
***REMOVED***;2
***REMOVED***;2
***REMOVED***;2
***REMOVED***;2
***REMOVED***;2
***REMOVED***;3
***REMOVED***;3
***REMOVED***;3
***REMOVED***;2
***REMOVED***;2
***REMOVED***;2
***REMOVED***;3
***REMOVED***;3
***REMOVED***;3
***REMOVED***;4
***REMOVED***;4
***REMOVED***;4
***REMOVED***;3
***REMOVED***;3
***REMOVED***;3
***REMOVED***;3
***REMOVED***;3
***REMOVED***;3
***REMOVED***;3
***REMOVED***;3
***REMOVED***;3
***REMOVED***;3
***REMOVED***;3
***REMOVED***;3
***REMOVED***;3
***REMOVED***;3
***REMOVED***;3
***REMOVED***;4
***REMOVED***;4
***REMOVED***;4
***REMOVED***;4
***REMOVED***;4
***REMOVED***;4
***REMOVED***;3
***REMOVED***;3
***REMOVED***;3
***REMOVED***;4
***REMOVED***;4
***REMOVED***;4
***REMOVED***;4
***REMOVED***;4
***REMOVED***;4
***REMOVED***;4
***REMOVED***;4
***REMOVED***;4
***REMOVED***;3
***REMOVED***;3
***REMOVED***;3
***REMOVED***;3
***REMOVED***;3
***REMOVED***;3
***REMOVED***;3
***REMOVED***;3
***REMOVED***;3
***REMOVED***;3
***REMOVED***;3
***REMOVED***;3
***REMOVED***;4
***REMOVED***;4
***REMOVED***;4
***REMOVED***;4
***REMOVED***;4
***REMOVED***;4
***REMOVED***;4
***REMOVED***;4
***REMOVED***;4
***REMOVED***;4
***REMOVED***;4
***REMOVED***;4
***REMOVED***;4
***REMOVED***;4
***REMOVED***;4
***REMOVED***;3
***REMOVED***;3
***REMOVED***;3
***REMOVED***;2
***REMOVED***;2
***REMOVED***;2
***REMOVED***;3
***REMOVED***;3
***REMOVED***;3
***REMOVED***;2
***REMOVED***;2
***REMOVED***;4
***REMOVED***;4
***REMOVED***;4
***REMOVED***;4
***REMOVED***;4
***REMOVED***;4
***REMOVED***;4
***REMOVED***;4
***REMOVED***;4
***REMOVED***;3
***REMOVED***;3
***REMOVED***;3
***REMOVED***;3
***REMOVED***;3
***REMOVED***;3
***REMOVED***;3
***REMOVED***;3
***REMOVED***;3
***REMOVED***;3
***REMOVED***;3
***REMOVED***;3
***REMOVED***;4
***REMOVED***;4
***REMOVED***;4
***REMOVED***;4
***REMOVED***;4
***REMOVED***;4
***REMOVED***;4
***REMOVED***;4
***REMOVED***;4
***REMOVED***;4
***REMOVED***;4
***REMOVED***;4
***REMOVED***;3
***REMOVED***;3
***REMOVED***;3
***REMOVED***;4
***REMOVED***;4
***REMOVED***;4
***REMOVED***;3
***REMOVED***;3
***REMOVED***;3
***REMOVED***;2
***REMOVED***;2
***REMOVED***;2
***REMOVED***;3
***REMOVED***;3
***REMOVED***;3
***REMOVED***;2
***REMOVED***;2
***REMOVED***;4
***REMOVED***;3
***REMOVED***;3
***REMOVED***;3
***REMOVED***;3
***REMOVED***;3
***REMOVED***;3
***REMOVED***;3
***REMOVED***;3
***REMOVED***;3
***REMOVED***;3
***REMOVED***;3
***REMOVED***;3
***REMOVED***;3
***REMOVED***;3
***REMOVED***;3
***REMOVED***;3
***REMOVED***;3
***REMOVED***;4
***REMOVED***;4
***REMOVED***;4
***REMOVED***;3
***REMOVED***;3
***REMOVED***;3
***REMOVED***;4
***REMOVED***;4
***REMOVED***;4
***REMOVED***;3
***REMOVED***;3
***REMOVED***;3
***REMOVED***;3
***REMOVED***;3
***REMOVED***;3
***REMOVED***;4
***REMOVED***;4
***REMOVED***;4
***REMOVED***;1
***REMOVED***;1
***REMOVED***;1
***REMOVED***;4
***REMOVED***;3
***REMOVED***;3
***REMOVED***;3
***REMOVED***;3
***REMOVED***;3
***REMOVED***;3
***REMOVED***;3
***REMOVED***;3
***REMOVED***;3
***REMOVED***;3
***REMOVED***;4
***REMOVED***;4
***REMOVED***;4
***REMOVED***;3
***REMOVED***;3
***REMOVED***;3
***REMOVED***;4
***REMOVED***;4
***REMOVED***;4
***REMOVED***;3
***REMOVED***;3
***REMOVED***;3
***REMOVED***;3
***REMOVED***;3
***REMOVED***;3
***REMOVED***;4
***REMOVED***;4
***REMOVED***;4
***REMOVED***;1
***REMOVED***;1
***REMOVED***;1
***REMOVED***;4
***REMOVED***;4
***REMOVED***;4
***REMOVED***;4
***REMOVED***;3
***REMOVED***;3
***REMOVED***;3
***REMOVED***;4
***REMOVED***;4
***REMOVED***;4
***REMOVED***;3
***REMOVED***;3
***REMOVED***;3
***REMOVED***;4
***REMOVED***;3
***REMOVED***;3
***REMOVED***;3
***REMOVED***;3
***REMOVED***;3
***REMOVED***;3
***REMOVED***;4
***REMOVED***;4
***REMOVED***;4
***REMOVED***;4
***REMOVED***;4
***REMOVED***;3
***REMOVED***;3
***REMOVED***;3
***REMOVED***;3
***REMOVED***;3
***REMOVED***;3
***REMOVED***;3
***REMOVED***;3
***REMOVED***;3
***REMOVED***;1
***REMOVED***;1
***REMOVED***;1
***REMOVED***;2
***REMOVED***;2
***REMOVED***;2
***REMOVED***;3
***REMOVED***;3
***REMOVED***;3
***REMOVED***;3
***REMOVED***;3
***REMOVED***;3
***REMOVED***;4
***REMOVED***;4
***REMOVED***;4
***REMOVED***;3
***REMOVED***;3
***REMOVED***;3
***REMOVED***;3
***REMOVED***;3
***REMOVED***;3
***REMOVED***;4
***REMOVED***;4
***REMOVED***;4
***REMOVED***;3
***REMOVED***;3
***REMOVED***;3
***REMOVED***;4
***REMOVED***;4
***REMOVED***;4
***REMOVED***;3
***REMOVED***;3
***REMOVED***;3
***REMOVED***;3
***REMOVED***;3
***REMOVED***;3
***REMOVED***;4
***REMOVED***;4
***REMOVED***;4
***REMOVED***;4
***REMOVED***;4
***REMOVED***;4
***REMOVED***;4
***REMOVED***;4
***REMOVED***;4
***REMOVED***;2
***REMOVED***;2
***REMOVED***;2
***REMOVED***;3
***REMOVED***;3
***REMOVED***;3
***REMOVED***;3
***REMOVED***;3
***REMOVED***;3
***REMOVED***;3
***REMOVED***;3
***REMOVED***;3
***REMOVED***;3
***REMOVED***;3
***REMOVED***;3
***REMOVED***;3
***REMOVED***;3
***REMOVED***;3
***REMOVED***;2
***REMOVED***;2
***REMOVED***;2
***REMOVED***;2
***REMOVED***;2
***REMOVED***;2
***REMOVED***;2
***REMOVED***;4
***REMOVED***;2
***REMOVED***;2
***REMOVED***;2
***REMOVED***;3
***REMOVED***;3
***REMOVED***;3
***REMOVED***;4
***REMOVED***;4
***REMOVED***;4
***REMOVED***;4
***REMOVED***;4
***REMOVED***;4
***REMOVED***;1
***REMOVED***;1
***REMOVED***;1
***REMOVED***;4
***REMOVED***;4
***REMOVED***;4
***REMOVED***;3
***REMOVED***;3
***REMOVED***;3
***REMOVED***;4
***REMOVED***;4
***REMOVED***;4
***REMOVED***;4
***REMOVED***;4
***REMOVED***;4
***REMOVED***;4
***REMOVED***;4
***REMOVED***;4
***REMOVED***;5
***REMOVED***;5
***REMOVED***;5
***REMOVED***;5
***REMOVED***;5
***REMOVED***;5
***REMOVED***;5
***REMOVED***;5
***REMOVED***;5
***REMOVED***;3
***REMOVED***;3
***REMOVED***;3
***REMOVED***;3
***REMOVED***;3
***REMOVED***;3
***REMOVED***;3
***REMOVED***;3
***REMOVED***;3
***REMOVED***;3
***REMOVED***;3
***REMOVED***;3
***REMOVED***;3
***REMOVED***;3
***REMOVED***;3
***REMOVED***;3
***REMOVED***;3
***REMOVED***;3
***REMOVED***;3
***REMOVED***;3
***REMOVED***;4
***REMOVED***;4
***REMOVED***;4
***REMOVED***;4
***REMOVED***;4
***REMOVED***;4
***REMOVED***;4
***REMOVED***;4
***REMOVED***;4
***REMOVED***;4
***REMOVED***;4
***REMOVED***;4
***REMOVED***;4
***REMOVED***;3
***REMOVED***;3
***REMOVED***;3
***REMOVED***;4
***REMOVED***;4
***REMOVED***;4
***REMOVED***;3
***REMOVED***;3
***REMOVED***;3
***REMOVED***;4
***REMOVED***;4
***REMOVED***;4
***REMOVED***;3
***REMOVED***;3
***REMOVED***;3
***REMOVED***;3
***REMOVED***;3
***REMOVED***;3
***REMOVED***;2
***REMOVED***;2
***REMOVED***;4
***REMOVED***;4
***REMOVED***;4
***REMOVED***;4
***REMOVED***;4
***REMOVED***;4
***REMOVED***;5
***REMOVED***;5
***REMOVED***;5
***REMOVED***;4
***REMOVED***;4
***REMOVED***;4
***REMOVED***;4
***REMOVED***;4
***REMOVED***;4
***REMOVED***;4
***REMOVED***;4
***REMOVED***;4
***REMOVED***;4
***REMOVED***;4
***REMOVED***;4
***REMOVED***;3
***REMOVED***;3
***REMOVED***;3
***REMOVED***;5
***REMOVED***;5
***REMOVED***;5
***REMOVED***;4
***REMOVED***;4
***REMOVED***;4
***REMOVED***;4
***REMOVED***;4
***REMOVED***;4
***REMOVED***;4
***REMOVED***;4
***REMOVED***;4
***REMOVED***;4
***REMOVED***;4
***REMOVED***;4
***REMOVED***;4
***REMOVED***;3
***REMOVED***;3
***REMOVED***;3
***REMOVED***;4
***REMOVED***;4
***REMOVED***;4
***REMOVED***;3
***REMOVED***;3
***REMOVED***;3
***REMOVED***;4
***REMOVED***;4
***REMOVED***;4
***REMOVED***;3
***REMOVED***;3
***REMOVED***;3
***REMOVED***;3
***REMOVED***;3
***REMOVED***;3
***REMOVED***;2
***REMOVED***;2
***REMOVED***;4
***REMOVED***;4
***REMOVED***;4
***REMOVED***;4
***REMOVED***;4
***REMOVED***;4
***REMOVED***;5
***REMOVED***;5
***REMOVED***;5
***REMOVED***;4
***REMOVED***;4
***REMOVED***;4
***REMOVED***;4
***REMOVED***;4
***REMOVED***;4
***REMOVED***;4
***REMOVED***;4
***REMOVED***;4
***REMOVED***;4
***REMOVED***;4
***REMOVED***;4
***REMOVED***;3
***REMOVED***;3
***REMOVED***;3
***REMOVED***;5
***REMOVED***;5
***REMOVED***;5
***REMOVED***;3
***REMOVED***;3
***REMOVED***;3
***REMOVED***;3
***REMOVED***;3
***REMOVED***;3
***REMOVED***;4
***REMOVED***;4
***REMOVED***;4
***REMOVED***;5
***REMOVED***;5
***REMOVED***;5
***REMOVED***;5
***REMOVED***;5
***REMOVED***;5
***REMOVED***;3
***REMOVED***;3
***REMOVED***;3
***REMOVED***;4
***REMOVED***;4
***REMOVED***;4
***REMOVED***;5
***REMOVED***;5
***REMOVED***;5
***REMOVED***;5
***REMOVED***;5
***REMOVED***;5
***REMOVED***;4
***REMOVED***;4
***REMOVED***;4
***REMOVED***;3
***REMOVED***;3
***REMOVED***;3
***REMOVED***;3
***REMOVED***;3
***REMOVED***;3
***REMOVED***;5
***REMOVED***;5
***REMOVED***;5
***REMOVED***;4
***REMOVED***;4
***REMOVED***;4
***REMOVED***;4
***REMOVED***;4
***REMOVED***;4
***REMOVED***;5
***REMOVED***;5
***REMOVED***;5
***REMOVED***;4
***REMOVED***;4
***REMOVED***;4
***REMOVED***;3
***REMOVED***;3
***REMOVED***;3
***REMOVED***;3
***REMOVED***;3
***REMOVED***;3
***REMOVED***;3
***REMOVED***;3
***REMOVED***;3
***REMOVED***;4
***REMOVED***;4
***REMOVED***;4
***REMOVED***;5
***REMOVED***;5
***REMOVED***;5
***REMOVED***;3
***REMOVED***;3
***REMOVED***;3
***REMOVED***;4
***REMOVED***;4
***REMOVED***;4
***REMOVED***;3
***REMOVED***;3
***REMOVED***;3
***REMOVED***;4
***REMOVED***;4
***REMOVED***;4
***REMOVED***;3
***REMOVED***;3
***REMOVED***;3
***REMOVED***;3
***REMOVED***;3
***REMOVED***;3
***REMOVED***;3
***REMOVED***;3
***REMOVED***;3
***REMOVED***;3
***REMOVED***;3
***REMOVED***;3
***REMOVED***;3
***REMOVED***;3
***REMOVED***;4
***REMOVED***;4
***REMOVED***;4
***REMOVED***;4
***REMOVED***;4
***REMOVED***;3
***REMOVED***;3
***REMOVED***;3
***REMOVED***;3
***REMOVED***;3
***REMOVED***;3
***REMOVED***;5
***REMOVED***;5
***REMOVED***;5
***REMOVED***;4
***REMOVED***;4
***REMOVED***;4
***REMOVED***;3
***REMOVED***;3
***REMOVED***;3
***REMOVED***;5
***REMOVED***;5
***REMOVED***;5
***REMOVED***;4
***REMOVED***;4
***REMOVED***;4
***REMOVED***;4
***REMOVED***;4
***REMOVED***;4
***REMOVED***;4
***REMOVED***;4
***REMOVED***;4
***REMOVED***;4
***REMOVED***;4
***REMOVED***;5
***REMOVED***;5
***REMOVED***;5
***REMOVED***;2
***REMOVED***;2
***REMOVED***;4
***REMOVED***;4
***REMOVED***;4
***REMOVED***;4
***REMOVED***;4
***REMOVED***;4
***REMOVED***;4
***REMOVED***;4
***REMOVED***;4
***REMOVED***;4
***REMOVED***;4
***REMOVED***;4
***REMOVED***;4
***REMOVED***;4
***REMOVED***;4
***REMOVED***;4
***REMOVED***;4
***REMOVED***;4
***REMOVED***;5
***REMOVED***;5
***REMOVED***;5
***REMOVED***;3
***REMOVED***;3
***REMOVED***;3
***REMOVED***;5
***REMOVED***;5
***REMOVED***;5
***REMOVED***;5
***REMOVED***;5
***REMOVED***;5
***REMOVED***;5
***REMOVED***;5
***REMOVED***;5
***REMOVED***;5
***REMOVED***;5
***REMOVED***;5
***REMOVED***;5
***REMOVED***;5
***REMOVED***;5
***REMOVED***;5
***REMOVED***;5
***REMOVED***;5
***REMOVED***;5
***REMOVED***;5
***REMOVED***;5
***REMOVED***;5
***REMOVED***;5
***REMOVED***;5
***REMOVED***;5
***REMOVED***;5
***REMOVED***;5
***REMOVED***;5
***REMOVED***;5
***REMOVED***;5
***REMOVED***;5
***REMOVED***;5
***REMOVED***;5
***REMOVED***;5
***REMOVED***;5
***REMOVED***;5
***REMOVED***;5
***REMOVED***;5
***REMOVED***;5
***REMOVED***;5
***REMOVED***;5
***REMOVED***;5
***REMOVED***;5
***REMOVED***;5
***REMOVED***;5
***REMOVED***;5
***REMOVED***;5
***REMOVED***;5
***REMOVED***;5
***REMOVED***;5
***REMOVED***;5
***REMOVED***;5
***REMOVED***;5
***REMOVED***;5
***REMOVED***;5
***REMOVED***;5
***REMOVED***;5
***REMOVED***;5
***REMOVED***;5
***REMOVED***;5
***REMOVED***;5
***REMOVED***;5
***REMOVED***;5
***REMOVED***;5
***REMOVED***;5
***REMOVED***;5
***REMOVED***;5
***REMOVED***;5
***REMOVED***;5
***REMOVED***;5
***REMOVED***;5
***REMOVED***;5
***REMOVED***;5
***REMOVED***;5
***REMOVED***;5
***REMOVED***;5
***REMOVED***;5
***REMOVED***;5
***REMOVED***;5
***REMOVED***;5
***REMOVED***;5
***REMOVED***;5
***REMOVED***;5
***REMOVED***;5
***REMOVED***;5
***REMOVED***;5
***REMOVED***;5
***REMOVED***;5
***REMOVED***;5
***REMOVED***;5
***REMOVED***;5
***REMOVED***;5
***REMOVED***;5
***REMOVED***;5
***REMOVED***;5
***REMOVED***;5
***REMOVED***;5
***REMOVED***;5
***REMOVED***;5
***REMOVED***;5
***REMOVED***;5
***REMOVED***;5
***REMOVED***;5
***REMOVED***;5
***REMOVED***;5
***REMOVED***;5
***REMOVED***;5
***REMOVED***;5
***REMOVED***;5
***REMOVED***;5
***REMOVED***;5
***REMOVED***;5
***REMOVED***;5
***REMOVED***;5
***REMOVED***;5
***REMOVED***;5
***REMOVED***;5
***REMOVED***;5
***REMOVED***;5
***REMOVED***;5
***REMOVED***;5
***REMOVED***;5
***REMOVED***;5
***REMOVED***;5
***REMOVED***;5
***REMOVED***;5
***REMOVED***;5
***REMOVED***;5
***REMOVED***;5
***REMOVED***;5
***REMOVED***;5
***REMOVED***;5
***REMOVED***;5
***REMOVED***;5
***REMOVED***;5
***REMOVED***;5
***REMOVED***;5
***REMOVED***;5
***REMOVED***;5
***REMOVED***;5
***REMOVED***;5
***REMOVED***;5
***REMOVED***;5
***REMOVED***;5
***REMOVED***;5
***REMOVED***;5
***REMOVED***;5
***REMOVED***;5
***REMOVED***;5
***REMOVED***;5
***REMOVED***;5
***REMOVED***;5
***REMOVED***;5
***REMOVED***;5
***REMOVED***;5
***REMOVED***;5
***REMOVED***;5
***REMOVED***;5
***REMOVED***;5
***REMOVED***;5
***REMOVED***;5
***REMOVED***;5
***REMOVED***;5
***REMOVED***;5
***REMOVED***;5
***REMOVED***;5
***REMOVED***;5
***REMOVED***;5
***REMOVED***;5
***REMOVED***;5
***REMOVED***;5
***REMOVED***;5
***REMOVED***;5
***REMOVED***;5
***REMOVED***;5
***REMOVED***;5
***REMOVED***;5
***REMOVED***;5
***REMOVED***;5
***REMOVED***;5
***REMOVED***;5
***REMOVED***;5
***REMOVED***;5
***REMOVED***;5
***REMOVED***;5
***REMOVED***;5
***REMOVED***;5
***REMOVED***;5
***REMOVED***;5
***REMOVED***;5
***REMOVED***;5
***REMOVED***;5
***REMOVED***;5
***REMOVED***;5
***REMOVED***;1
***REMOVED***;1
***REMOVED***;1
***REMOVED***;1
***REMOVED***;1
***REMOVED***;1
***REMOVED***;1
***REMOVED***;1
***REMOVED***;1
***REMOVED***;1
***REMOVED***;1
***REMOVED***;1
***REMOVED***;1
***REMOVED***;1
***REMOVED***;1
***REMOVED***;1
***REMOVED***;1
***REMOVED***;1
***REMOVED***;1
***REMOVED***;1
***REMOVED***;1
***REMOVED***;1
***REMOVED***;1
***REMOVED***;2
***REMOVED***;2
***REMOVED***;2
***REMOVED***;1
***REMOVED***;1
***REMOVED***;1
***REMOVED***;1
***REMOVED***;1
***REMOVED***;1
***REMOVED***;1
***REMOVED***;1
***REMOVED***;1
***REMOVED***;1
***REMOVED***;1
***REMOVED***;2
***REMOVED***;2
***REMOVED***;2
***REMOVED***;2
***REMOVED***;2
***REMOVED***;2
***REMOVED***;2
***REMOVED***;2
***REMOVED***;2
***REMOVED***;2
***REMOVED***;2
***REMOVED***;2
***REMOVED***;2
***REMOVED***;2
***REMOVED***;2
***REMOVED***;2
***REMOVED***;2
***REMOVED***;2
***REMOVED***;1
***REMOVED***;1
***REMOVED***;1
***REMOVED***;1
***REMOVED***;1
***REMOVED***;1
***REMOVED***;1
***REMOVED***;1
***REMOVED***;1
***REMOVED***;1
***REMOVED***;1
***REMOVED***;2
***REMOVED***;2
***REMOVED***;2
***REMOVED***;2
***REMOVED***;2
***REMOVED***;2
***REMOVED***;2
***REMOVED***;2
***REMOVED***;2
***REMOVED***;2
***REMOVED***;2
***REMOVED***;3
***REMOVED***;3
***REMOVED***;3
***REMOVED***;1
***REMOVED***;3
***REMOVED***;3
***REMOVED***;3
***REMOVED***;3
***REMOVED***;3
***REMOVED***;3
***REMOVED***;3
***REMOVED***;3
***REMOVED***;3
***REMOVED***;3
***REMOVED***;3
***REMOVED***;3
***REMOVED***;2
***REMOVED***;2
***REMOVED***;2
***REMOVED***;3
***REMOVED***;3
***REMOVED***;3
***REMOVED***;2
***REMOVED***;2
***REMOVED***;2
***REMOVED***;2
***REMOVED***;2
***REMOVED***;2
***REMOVED***;2
***REMOVED***;2
***REMOVED***;2
***REMOVED***;2
***REMOVED***;2
***REMOVED***;2
***REMOVED***;1
***REMOVED***;1
***REMOVED***;1
***REMOVED***;1
***REMOVED***;1
***REMOVED***;1
***REMOVED***;1
***REMOVED***;1
***REMOVED***;1
***REMOVED***;1
***REMOVED***;3
***REMOVED***;1
***REMOVED***;1
***REMOVED***;1
***REMOVED***;1
***REMOVED***;1
***REMOVED***;1
***REMOVED***;2
***REMOVED***;2
***REMOVED***;2
***REMOVED***;1
***REMOVED***;1
***REMOVED***;1
***REMOVED***;1
***REMOVED***;1
***REMOVED***;1
***REMOVED***;1
***REMOVED***;3
***REMOVED***;3
***REMOVED***;3
***REMOVED***;2
***REMOVED***;2
***REMOVED***;2
***REMOVED***;3
***REMOVED***;3
***REMOVED***;3
***REMOVED***;2
***REMOVED***;2
***REMOVED***;1
***REMOVED***;1
***REMOVED***;1
***REMOVED***;1
***REMOVED***;1
***REMOVED***;1
***REMOVED***;1
***REMOVED***;1
***REMOVED***;1
***REMOVED***;1
***REMOVED***;1
***REMOVED***;2
***REMOVED***;1
***REMOVED***;1
***REMOVED***;1
***REMOVED***;1
***REMOVED***;3
***REMOVED***;3
***REMOVED***;3
***REMOVED***;1
***REMOVED***;1
***REMOVED***;1
***REMOVED***;1
***REMOVED***;1
***REMOVED***;2
***REMOVED***;2
***REMOVED***;1
***REMOVED***;1
***REMOVED***;1
***REMOVED***;1
***REMOVED***;1
***REMOVED***;1
***REMOVED***;1
***REMOVED***;1
***REMOVED***;2
***REMOVED***;2
***REMOVED***;2
***REMOVED***;1
***REMOVED***;1
***REMOVED***;1
***REMOVED***;1
***REMOVED***;1
***REMOVED***;1
***REMOVED***;2
***REMOVED***;2
***REMOVED***;2
***REMOVED***;2
***REMOVED***;2
***REMOVED***;2
***REMOVED***;2
***REMOVED***;2
***REMOVED***;2
***REMOVED***;2
***REMOVED***;2
***REMOVED***;2
***REMOVED***;2
***REMOVED***;2
***REMOVED***;2
***REMOVED***;1
***REMOVED***;1
***REMOVED***;1
***REMOVED***;1
***REMOVED***;1
***REMOVED***;1
***REMOVED***;1
***REMOVED***;1
***REMOVED***;2
***REMOVED***;2
***REMOVED***;2
***REMOVED***;2
***REMOVED***;2
***REMOVED***;3
***REMOVED***;3
***REMOVED***;3
***REMOVED***;2
***REMOVED***;2
***REMOVED***;2
***REMOVED***;3
***REMOVED***;3
***REMOVED***;3
***REMOVED***;3
***REMOVED***;3
***REMOVED***;3
***REMOVED***;3
***REMOVED***;3
***REMOVED***;3
***REMOVED***;3
***REMOVED***;3
***REMOVED***;3
***REMOVED***;2
***REMOVED***;2
***REMOVED***;2
***REMOVED***;2
***REMOVED***;2
***REMOVED***;2
***REMOVED***;2
***REMOVED***;2
***REMOVED***;2
***REMOVED***;2
***REMOVED***;2
***REMOVED***;2
***REMOVED***;2
***REMOVED***;1
***REMOVED***;1
***REMOVED***;1
***REMOVED***;2
***REMOVED***;2
***REMOVED***;2
***REMOVED***;1
***REMOVED***;1
***REMOVED***;1
***REMOVED***;1
***REMOVED***;1
***REMOVED***;2
***REMOVED***;2
***REMOVED***;2
***REMOVED***;3
***REMOVED***;3
***REMOVED***;3
***REMOVED***;1
***REMOVED***;1
***REMOVED***;1
***REMOVED***;1
***REMOVED***;3
***REMOVED***;2
***REMOVED***;2
***REMOVED***;2
***REMOVED***;3
***REMOVED***;3
***REMOVED***;3
***REMOVED***;3
***REMOVED***;3
***REMOVED***;3
***REMOVED***;2
***REMOVED***;2
***REMOVED***;2
***REMOVED***;2
***REMOVED***;2
***REMOVED***;2
***REMOVED***;1
***REMOVED***;1
***REMOVED***;1
***REMOVED***;2
***REMOVED***;3
***REMOVED***;3
***REMOVED***;3
***REMOVED***;1
***REMOVED***;1
***REMOVED***;1
***REMOVED***;3
***REMOVED***;3
***REMOVED***;3
***REMOVED***;3
***REMOVED***;3
***REMOVED***;3
***REMOVED***;1
***REMOVED***;1
***REMOVED***;1
***REMOVED***;2
***REMOVED***;2
***REMOVED***;2
***REMOVED***;2
***REMOVED***;2
***REMOVED***;1
***REMOVED***;1
***REMOVED***;2
***REMOVED***;2
***REMOVED***;2
***REMOVED***;3
***REMOVED***;3
***REMOVED***;3
***REMOVED***;2
***REMOVED***;2
***REMOVED***;1
***REMOVED***;1
***REMOVED***;1
***REMOVED***;3
***REMOVED***;3
***REMOVED***;3
***REMOVED***;1
***REMOVED***;1
***REMOVED***;1
***REMOVED***;1
***REMOVED***;1
***REMOVED***;1
***REMOVED***;1
***REMOVED***;1
***REMOVED***;3
***REMOVED***;3
***REMOVED***;3
***REMOVED***;3
***REMOVED***;3
***REMOVED***;3
***REMOVED***;3
***REMOVED***;3
***REMOVED***;3
***REMOVED***;3
***REMOVED***;3
***REMOVED***;3
***REMOVED***;3
***REMOVED***;3
***REMOVED***;3
***REMOVED***;3
***REMOVED***;3
***REMOVED***;3
***REMOVED***;3
***REMOVED***;3
***REMOVED***;3
***REMOVED***;3
***REMOVED***;3
***REMOVED***;3
***REMOVED***;3
***REMOVED***;4
***REMOVED***;4
***REMOVED***;4
***REMOVED***;4
***REMOVED***;4
***REMOVED***;4
***REMOVED***;3
***REMOVED***;3
***REMOVED***;3
***REMOVED***;4
***REMOVED***;4
***REMOVED***;4
***REMOVED***;4
***REMOVED***;4
***REMOVED***;4
***REMOVED***;4
***REMOVED***;4
***REMOVED***;4
***REMOVED***;4
***REMOVED***;4
***REMOVED***;4
***REMOVED***;4
***REMOVED***;4
***REMOVED***;4
***REMOVED***;4
***REMOVED***;4
***REMOVED***;4
***REMOVED***;4
***REMOVED***;4
***REMOVED***;4
***REMOVED***;4
***REMOVED***;4
***REMOVED***;4
***REMOVED***;4
***REMOVED***;4
***REMOVED***;4
***REMOVED***;4
***REMOVED***;4
***REMOVED***;4
***REMOVED***;4
***REMOVED***;3
***REMOVED***;3
***REMOVED***;3
***REMOVED***;3
***REMOVED***;3
***REMOVED***;3
***REMOVED***;4
***REMOVED***;4
***REMOVED***;4
***REMOVED***;5
***REMOVED***;5
***REMOVED***;5
***REMOVED***;5
***REMOVED***;5
***REMOVED***;5
***REMOVED***;4
***REMOVED***;4
***REMOVED***;4
***REMOVED***;4
***REMOVED***;4
***REMOVED***;4
***REMOVED***;4
***REMOVED***;4
***REMOVED***;4
***REMOVED***;4
***REMOVED***;4
***REMOVED***;4
***REMOVED***;6
***REMOVED***;6
***REMOVED***;6
***REMOVED***;5
***REMOVED***;5
***REMOVED***;5
***REMOVED***;5
***REMOVED***;5
***REMOVED***;5
***REMOVED***;5
***REMOVED***;5
***REMOVED***;4
***REMOVED***;4
***REMOVED***;4
***REMOVED***;4
***REMOVED***;4
***REMOVED***;4
***REMOVED***;3
***REMOVED***;3
***REMOVED***;3
***REMOVED***;4
***REMOVED***;4
***REMOVED***;4
***REMOVED***;4
***REMOVED***;4
***REMOVED***;4
***REMOVED***;5
***REMOVED***;5
***REMOVED***;5
***REMOVED***;4
***REMOVED***;3
***REMOVED***;3
***REMOVED***;3
***REMOVED***;3
***REMOVED***;5
***REMOVED***;5
***REMOVED***;5
***REMOVED***;3
***REMOVED***;3
***REMOVED***;3
***REMOVED***;3
***REMOVED***;4
***REMOVED***;4
***REMOVED***;4
***REMOVED***;3
***REMOVED***;3
***REMOVED***;3
***REMOVED***;3
***REMOVED***;3
***REMOVED***;3
***REMOVED***;3
***REMOVED***;3
***REMOVED***;3
***REMOVED***;3
***REMOVED***;3
***REMOVED***;3
***REMOVED***;3
***REMOVED***;3
***REMOVED***;3
***REMOVED***;4
***REMOVED***;4
***REMOVED***;4
***REMOVED***;4
***REMOVED***;4
***REMOVED***;4
***REMOVED***;4
***REMOVED***;4
***REMOVED***;4
***REMOVED***;4
***REMOVED***;4
***REMOVED***;4
***REMOVED***;4
***REMOVED***;4
***REMOVED***;4
***REMOVED***;4
***REMOVED***;4
***REMOVED***;4
***REMOVED***;3
***REMOVED***;3
***REMOVED***;3
***REMOVED***;5
***REMOVED***;5
***REMOVED***;5
***REMOVED***;5
***REMOVED***;5
***REMOVED***;5
***REMOVED***;4
***REMOVED***;4
***REMOVED***;4
***REMOVED***;4
***REMOVED***;4
***REMOVED***;4
***REMOVED***;4
***REMOVED***;4
***REMOVED***;4
***REMOVED***;4
***REMOVED***;6
***REMOVED***;6
***REMOVED***;6
***REMOVED***;4
***REMOVED***;4
***REMOVED***;4
***REMOVED***;4
***REMOVED***;5
***REMOVED***;5
***REMOVED***;5
***REMOVED***;4
***REMOVED***;5
***REMOVED***;5
***REMOVED***;5
***REMOVED***;5
***REMOVED***;5
***REMOVED***;5
***REMOVED***;5
***REMOVED***;5
***REMOVED***;5
***REMOVED***;3
***REMOVED***;3
***REMOVED***;3
***REMOVED***;5
***REMOVED***;5
***REMOVED***;5
***REMOVED***;6
***REMOVED***;6
***REMOVED***;6
***REMOVED***;4
***REMOVED***;4
***REMOVED***;4
***REMOVED***;5
***REMOVED***;5
***REMOVED***;5
***REMOVED***;6
***REMOVED***;6
***REMOVED***;6
***REMOVED***;5
***REMOVED***;5
***REMOVED***;4
***REMOVED***;4
***REMOVED***;3
***REMOVED***;3
***REMOVED***;3
***REMOVED***;3
***REMOVED***;4
***REMOVED***;4
***REMOVED***;4
***REMOVED***;3
***REMOVED***;3
***REMOVED***;3
***REMOVED***;4
***REMOVED***;4
***REMOVED***;4
***REMOVED***;3
***REMOVED***;3
***REMOVED***;3
***REMOVED***;3
***REMOVED***;3
***REMOVED***;3
***REMOVED***;5
***REMOVED***;5
***REMOVED***;5
***REMOVED***;5
***REMOVED***;5
***REMOVED***;5
***REMOVED***;5
***REMOVED***;5
***REMOVED***;4
***REMOVED***;4
***REMOVED***;4
***REMOVED***;4
***REMOVED***;4
***REMOVED***;4
***REMOVED***;4
***REMOVED***;5
***REMOVED***;5
***REMOVED***;5
***REMOVED***;5
***REMOVED***;5
***REMOVED***;3
***REMOVED***;4
***REMOVED***;5
***REMOVED***;5
***REMOVED***;3
***REMOVED***;3
***REMOVED***;3
***REMOVED***;4
***REMOVED***;4
***REMOVED***;4
***REMOVED***;5
***REMOVED***;5
***REMOVED***;5
***REMOVED***;6
***REMOVED***;6
***REMOVED***;6
***REMOVED***;4
***REMOVED***;4
***REMOVED***;4
***REMOVED***;3
***REMOVED***;3
***REMOVED***;4
***REMOVED***;5
***REMOVED***;5
***REMOVED***;5
***REMOVED***;4
***REMOVED***;4
***REMOVED***;4
***REMOVED***;3
***REMOVED***;3
***REMOVED***;3
***REMOVED***;2
***REMOVED***;2
***REMOVED***;2
***REMOVED***;3
***REMOVED***;3
***REMOVED***;3
***REMOVED***;4
***REMOVED***;4
***REMOVED***;4
***REMOVED***;4
***REMOVED***;4
***REMOVED***;4
***REMOVED***;5
***REMOVED***;5
***REMOVED***;5
***REMOVED***;4
***REMOVED***;4
***REMOVED***;4
***REMOVED***;4
***REMOVED***;4
***REMOVED***;4
***REMOVED***;4
***REMOVED***;4
***REMOVED***;4
***REMOVED***;4
***REMOVED***;4
***REMOVED***;4
***REMOVED***;4
***REMOVED***;3
***REMOVED***;3
***REMOVED***;3
***REMOVED***;2
***REMOVED***;2
***REMOVED***;2
***REMOVED***;2
***REMOVED***;2
***REMOVED***;2
***REMOVED***;2
***REMOVED***;2
***REMOVED***;2
***REMOVED***;2
***REMOVED***;4
***REMOVED***;4
***REMOVED***;4
***REMOVED***;4
***REMOVED***;4
***REMOVED***;4
***REMOVED***;4
***REMOVED***;4
***REMOVED***;4
***REMOVED***;4
***REMOVED***;4
***REMOVED***;4
***REMOVED***;5
***REMOVED***;5
***REMOVED***;5
***REMOVED***;4
***REMOVED***;4
***REMOVED***;4
***REMOVED***;3
***REMOVED***;3
***REMOVED***;3
***REMOVED***;4
***REMOVED***;4
***REMOVED***;4
***REMOVED***;3
***REMOVED***;3
***REMOVED***;3
***REMOVED***;3
***REMOVED***;3
***REMOVED***;3
***REMOVED***;3
***REMOVED***;3
***REMOVED***;3
***REMOVED***;4
***REMOVED***;4
***REMOVED***;4
***REMOVED***;4
***REMOVED***;4
***REMOVED***;4
***REMOVED***;3
***REMOVED***;3
***REMOVED***;5
***REMOVED***;5
***REMOVED***;5
***REMOVED***;5
***REMOVED***;5
***REMOVED***;5
***REMOVED***;5
***REMOVED***;5
***REMOVED***;5
***REMOVED***;5
***REMOVED***;5
***REMOVED***;5
***REMOVED***;5
***REMOVED***;5
***REMOVED***;4
***REMOVED***;4
***REMOVED***;4
***REMOVED***;3
***REMOVED***;3
***REMOVED***;3
***REMOVED***;4
***REMOVED***;4
***REMOVED***;4
***REMOVED***;4
***REMOVED***;4
***REMOVED***;4
***REMOVED***;4
***REMOVED***;3
***REMOVED***;3
***REMOVED***;3
***REMOVED***;4
***REMOVED***;4
***REMOVED***;4
***REMOVED***;4
***REMOVED***;4
***REMOVED***;4
***REMOVED***;3
***REMOVED***;4
***REMOVED***;4
***REMOVED***;4
***REMOVED***;3
***REMOVED***;3
***REMOVED***;4
***REMOVED***;4
***REMOVED***;4
***REMOVED***;3
***REMOVED***;3
***REMOVED***;3
***REMOVED***;3
***REMOVED***;3
***REMOVED***;3
***REMOVED***;5
***REMOVED***;5
***REMOVED***;5
***REMOVED***;5
***REMOVED***;5
***REMOVED***;5
***REMOVED***;4
***REMOVED***;4
***REMOVED***;4
***REMOVED***;3
***REMOVED***;3
***REMOVED***;3
***REMOVED***;2
***REMOVED***;2
***REMOVED***;2
***REMOVED***;4
***REMOVED***;4
***REMOVED***;4
***REMOVED***;4
***REMOVED***;4
***REMOVED***;4
***REMOVED***;4
***REMOVED***;4
***REMOVED***;4
***REMOVED***;4
***REMOVED***;4
***REMOVED***;3
***REMOVED***;3
***REMOVED***;3
***REMOVED***;3
***REMOVED***;3
***REMOVED***;3
***REMOVED***;2
***REMOVED***;2
***REMOVED***;2
***REMOVED***;2
***REMOVED***;2
***REMOVED***;2
***REMOVED***;2
***REMOVED***;2
***REMOVED***;2
***REMOVED***;4
***REMOVED***;4
***REMOVED***;4
***REMOVED***;4
***REMOVED***;4
***REMOVED***;4
***REMOVED***;4
***REMOVED***;4
***REMOVED***;4
***REMOVED***;4
***REMOVED***;4
***REMOVED***;4
***REMOVED***;5
***REMOVED***;5
***REMOVED***;5
***REMOVED***;4
***REMOVED***;4
***REMOVED***;4
***REMOVED***;3
***REMOVED***;3
***REMOVED***;3
***REMOVED***;2
***REMOVED***;2
***REMOVED***;2
***REMOVED***;5
***REMOVED***;5
***REMOVED***;5
***REMOVED***;5
***REMOVED***;5
***REMOVED***;5
***REMOVED***;5
***REMOVED***;5
***REMOVED***;5
***REMOVED***;5
***REMOVED***;5
***REMOVED***;5
***REMOVED***;3
***REMOVED***;3
***REMOVED***;2
***REMOVED***;2
***REMOVED***;2
***REMOVED***;4
***REMOVED***;4
***REMOVED***;4
***REMOVED***;3
***REMOVED***;3
***REMOVED***;5
***REMOVED***;5
***REMOVED***;5
***REMOVED***;4
***REMOVED***;4
***REMOVED***;4
***REMOVED***;4
***REMOVED***;4
***REMOVED***;5
***REMOVED***;5
***REMOVED***;5
***REMOVED***;5
***REMOVED***;5
***REMOVED***;5
***REMOVED***;2
***REMOVED***;2
***REMOVED***;2
***REMOVED***;4
***REMOVED***;4
***REMOVED***;4
***REMOVED***;2
***REMOVED***;2
***REMOVED***;2
***REMOVED***;4
***REMOVED***;4
***REMOVED***;4
***REMOVED***;3
***REMOVED***;3
***REMOVED***;3
***REMOVED***;5
***REMOVED***;5
***REMOVED***;5
***REMOVED***;5
***REMOVED***;4
***REMOVED***;4
***REMOVED***;4
***REMOVED***;5
***REMOVED***;5
***REMOVED***;4
***REMOVED***;4
***REMOVED***;4
***REMOVED***;3
***REMOVED***;3
***REMOVED***;3
***REMOVED***;3
***REMOVED***;3
***REMOVED***;3
***REMOVED***;3
***REMOVED***;3
***REMOVED***;3
***REMOVED***;4
***REMOVED***;4
***REMOVED***;4
***REMOVED***;5
***REMOVED***;5
***REMOVED***;5
***REMOVED***;4
***REMOVED***;4
***REMOVED***;4
***REMOVED***;3
***REMOVED***;4
***REMOVED***;4
***REMOVED***;5
***REMOVED***;3
***REMOVED***;4
***REMOVED***;4
***REMOVED***;4
***REMOVED***;3
***REMOVED***;3
***REMOVED***;4
***REMOVED***;4
***REMOVED***;4
***REMOVED***;4
***REMOVED***;4
***REMOVED***;5
***REMOVED***;5
***REMOVED***;5
***REMOVED***;5
***REMOVED***;4
***REMOVED***;4
***REMOVED***;4
***REMOVED***;3
***REMOVED***;3
***REMOVED***;3
***REMOVED***;4
***REMOVED***;4
***REMOVED***;4
***REMOVED***;4
***REMOVED***;4
***REMOVED***;3
***REMOVED***;3
***REMOVED***;3
***REMOVED***;5
***REMOVED***;5
***REMOVED***;5
***REMOVED***;3
***REMOVED***;3
***REMOVED***;3
***REMOVED***;3
***REMOVED***;3
***REMOVED***;3
***REMOVED***;3
***REMOVED***;3
***REMOVED***;3
***REMOVED***;3
***REMOVED***;3
***REMOVED***;3
***REMOVED***;3
***REMOVED***;4
***REMOVED***;4
***REMOVED***;3
***REMOVED***;3
***REMOVED***;3
***REMOVED***;3
***REMOVED***;3
***REMOVED***;3
***REMOVED***;3
***REMOVED***;3
***REMOVED***;3
***REMOVED***;3
***REMOVED***;3
***REMOVED***;3
***REMOVED***;3
***REMOVED***;3
***REMOVED***;3
***REMOVED***;3
***REMOVED***;3
***REMOVED***;3
***REMOVED***;3
***REMOVED***;3
***REMOVED***;3
***REMOVED***;4
***REMOVED***;4
***REMOVED***;4
***REMOVED***;3
***REMOVED***;3
***REMOVED***;3
***REMOVED***;3
***REMOVED***;3
***REMOVED***;3
***REMOVED***;5
***REMOVED***;5
***REMOVED***;5
***REMOVED***;4
***REMOVED***;4
***REMOVED***;4
***REMOVED***;3
***REMOVED***;3
***REMOVED***;4
***REMOVED***;4
***REMOVED***;4
***REMOVED***;3
***REMOVED***;3
***REMOVED***;3
***REMOVED***;3
***REMOVED***;3
***REMOVED***;3
***REMOVED***;3
***REMOVED***;5
***REMOVED***;5
***REMOVED***;5
***REMOVED***;3
***REMOVED***;3
***REMOVED***;3
***REMOVED***;3
***REMOVED***;3
***REMOVED***;3
***REMOVED***;3
***REMOVED***;3
***REMOVED***;3
***REMOVED***;3
***REMOVED***;4
***REMOVED***;4
***REMOVED***;3
***REMOVED***;3
***REMOVED***;3
***REMOVED***;3
***REMOVED***;3
***REMOVED***;3
***REMOVED***;3
***REMOVED***;3
***REMOVED***;3
***REMOVED***;3
***REMOVED***;3
***REMOVED***;3
***REMOVED***;3
***REMOVED***;3
***REMOVED***;3
***REMOVED***;4
***REMOVED***;4
***REMOVED***;4
***REMOVED***;4
***REMOVED***;3
***REMOVED***;3
***REMOVED***;3
***REMOVED***;3
***REMOVED***;3
***REMOVED***;3
***REMOVED***;5
***REMOVED***;5
***REMOVED***;5
***REMOVED***;4
***REMOVED***;4
***REMOVED***;4
***REMOVED***;3
***REMOVED***;3
***REMOVED***;3
***REMOVED***;5
***REMOVED***;5
***REMOVED***;5
***REMOVED***;4
***REMOVED***;4
***REMOVED***;4
***REMOVED***;3
***REMOVED***;3
***REMOVED***;3
***REMOVED***;4
***REMOVED***;4
***REMOVED***;4
***REMOVED***;3
***REMOVED***;3
***REMOVED***;3
***REMOVED***;5
***REMOVED***;5
***REMOVED***;3
***REMOVED***;3
***REMOVED***;3
***REMOVED***;4
***REMOVED***;4
***REMOVED***;4
***REMOVED***;4
***REMOVED***;4
***REMOVED***;4
***REMOVED***;4
***REMOVED***;4
***REMOVED***;4
***REMOVED***;3
***REMOVED***;3
***REMOVED***;3
***REMOVED***;3
***REMOVED***;3
***REMOVED***;3
***REMOVED***;3
***REMOVED***;5
***REMOVED***;5
***REMOVED***;3
***REMOVED***;3
***REMOVED***;3
***REMOVED***;4
***REMOVED***;4
***REMOVED***;4
***REMOVED***;5
***REMOVED***;5
***REMOVED***;5
***REMOVED***;3
***REMOVED***;3
***REMOVED***;3
***REMOVED***;3
***REMOVED***;3
***REMOVED***;3
***REMOVED***;4
***REMOVED***;4
***REMOVED***;4
***REMOVED***;4
***REMOVED***;4
***REMOVED***;4
***REMOVED***;4
***REMOVED***;4
***REMOVED***;4
***REMOVED***;3
***REMOVED***;3
***REMOVED***;3
***REMOVED***;3
***REMOVED***;3
***REMOVED***;3
***REMOVED***;4
***REMOVED***;4
***REMOVED***;4
***REMOVED***;4
***REMOVED***;4
***REMOVED***;4
***REMOVED***;4
***REMOVED***;4
***REMOVED***;4
***REMOVED***;4
***REMOVED***;4
***REMOVED***;4
***REMOVED***;5
***REMOVED***;5
***REMOVED***;5
***REMOVED***;5
***REMOVED***;5
***REMOVED***;5
***REMOVED***;5
***REMOVED***;5
***REMOVED***;5
***REMOVED***;4
***REMOVED***;4
***REMOVED***;5
***REMOVED***;5
***REMOVED***;5
***REMOVED***;4
***REMOVED***;4
***REMOVED***;4
***REMOVED***;3
***REMOVED***;3
***REMOVED***;3
***REMOVED***;3
***REMOVED***;3
***REMOVED***;3
***REMOVED***;5
***REMOVED***;5
***REMOVED***;5
***REMOVED***;4
***REMOVED***;4
***REMOVED***;4
***REMOVED***;4
***REMOVED***;4
***REMOVED***;5
***REMOVED***;5
***REMOVED***;5
***REMOVED***;3
***REMOVED***;3
***REMOVED***;3
***REMOVED***;4
***REMOVED***;4
***REMOVED***;4
***REMOVED***;4
***REMOVED***;4
***REMOVED***;4
***REMOVED***;4
***REMOVED***;4
***REMOVED***;4
***REMOVED***;3
***REMOVED***;3
***REMOVED***;3
***REMOVED***;3
***REMOVED***;3
***REMOVED***;3
***REMOVED***;4
***REMOVED***;4
***REMOVED***;4
***REMOVED***;4
***REMOVED***;4
***REMOVED***;4
***REMOVED***;4
***REMOVED***;4
***REMOVED***;5
***REMOVED***;5
***REMOVED***;5
***REMOVED***;5
***REMOVED***;5
***REMOVED***;5
***REMOVED***;5
***REMOVED***;5
***REMOVED***;5
***REMOVED***;5
***REMOVED***;5
***REMOVED***;4
***REMOVED***;4
***REMOVED***;4
***REMOVED***;5
***REMOVED***;5
***REMOVED***;5
***REMOVED***;5
***REMOVED***;5
***REMOVED***;5
***REMOVED***;4
***REMOVED***;4
***REMOVED***;4
***REMOVED***;4
***REMOVED***;4
***REMOVED***;4
***REMOVED***;4
***REMOVED***;4
***REMOVED***;4
***REMOVED***;5
***REMOVED***;5
***REMOVED***;5
***REMOVED***;3
***REMOVED***;3
***REMOVED***;3
***REMOVED***;4
***REMOVED***;4
***REMOVED***;5
***REMOVED***;5
***REMOVED***;5
***REMOVED***;4
***REMOVED***;4
***REMOVED***;4
***REMOVED***;4
***REMOVED***;4
***REMOVED***;4
***REMOVED***;3
***REMOVED***;3
***REMOVED***;3
***REMOVED***;4
***REMOVED***;4
***REMOVED***;4
***REMOVED***;5
***REMOVED***;5
***REMOVED***;5
***REMOVED***;3
***REMOVED***;3
***REMOVED***;3
***REMOVED***;3
***REMOVED***;3
***REMOVED***;3
***REMOVED***;3
***REMOVED***;3
***REMOVED***;3
***REMOVED***;4
***REMOVED***;4
***REMOVED***;4
***REMOVED***;5
***REMOVED***;5
***REMOVED***;5
***REMOVED***;4
***REMOVED***;4
***REMOVED***;4
***REMOVED***;5
***REMOVED***;5
***REMOVED***;5
***REMOVED***;5
***REMOVED***;5
***REMOVED***;5
***REMOVED***;5
***REMOVED***;5
***REMOVED***;5
***REMOVED***;4
***REMOVED***;4
***REMOVED***;5
***REMOVED***;5
***REMOVED***;5
***REMOVED***;5
***REMOVED***;5
***REMOVED***;5
***REMOVED***;3
***REMOVED***;3
***REMOVED***;3
***REMOVED***;5
***REMOVED***;5
***REMOVED***;5
***REMOVED***;3
***REMOVED***;3
***REMOVED***;3
***REMOVED***;3
***REMOVED***;3
***REMOVED***;3
***REMOVED***;3
***REMOVED***;3
***REMOVED***;3
***REMOVED***;3
***REMOVED***;3
***REMOVED***;3
***REMOVED***;3
***REMOVED***;3
***REMOVED***;3
***REMOVED***;4
***REMOVED***;4
***REMOVED***;4
***REMOVED***;5
***REMOVED***;5
***REMOVED***;5
***REMOVED***;4
***REMOVED***;4
***REMOVED***;4
***REMOVED***;5
***REMOVED***;5
***REMOVED***;5
***REMOVED***;5
***REMOVED***;5
***REMOVED***;5
***REMOVED***;5
***REMOVED***;5
***REMOVED***;5
***REMOVED***;4
***REMOVED***;4
***REMOVED***;5
***REMOVED***;5
***REMOVED***;5
***REMOVED***;5
***REMOVED***;5
***REMOVED***;5
***REMOVED***;3
***REMOVED***;3
***REMOVED***;3
***REMOVED***;5
***REMOVED***;5
***REMOVED***;5
***REMOVED***;3
***REMOVED***;3
***REMOVED***;3
***REMOVED***;5
***REMOVED***;5
***REMOVED***;5
***REMOVED***;3
***REMOVED***;3
***REMOVED***;3
***REMOVED***;5
***REMOVED***;5
***REMOVED***;5
***REMOVED***;5
***REMOVED***;5
***REMOVED***;5
***REMOVED***;4
***REMOVED***;4
***REMOVED***;4
***REMOVED***;5
***REMOVED***;5
***REMOVED***;5
***REMOVED***;5
***REMOVED***;5
***REMOVED***;5
***REMOVED***;5
***REMOVED***;5
***REMOVED***;5
***REMOVED***;5
***REMOVED***;5
***REMOVED***;5
***REMOVED***;5
***REMOVED***;5
***REMOVED***;5
***REMOVED***;5
***REMOVED***;5
***REMOVED***;5
***REMOVED***;5
***REMOVED***;5
***REMOVED***;5
***REMOVED***;5
***REMOVED***;5
***REMOVED***;4
***REMOVED***;4
***REMOVED***;4
***REMOVED***;5
***REMOVED***;5
***REMOVED***;5
***REMOVED***;5
***REMOVED***;5
***REMOVED***;5
***REMOVED***;5
***REMOVED***;5
***REMOVED***;5
***REMOVED***;5
***REMOVED***;5
***REMOVED***;5
***REMOVED***;5
***REMOVED***;5
***REMOVED***;5
***REMOVED***;5
***REMOVED***;5
***REMOVED***;5
***REMOVED***;5
***REMOVED***;5
***REMOVED***;5
***REMOVED***;5
***REMOVED***;5
***REMOVED***;3
***REMOVED***;3
***REMOVED***;3
***REMOVED***;5
***REMOVED***;5
***REMOVED***;5
***REMOVED***;3
***REMOVED***;3
***REMOVED***;3
***REMOVED***;5
***REMOVED***;5
***REMOVED***;5
***REMOVED***;5
***REMOVED***;5
***REMOVED***;3
***REMOVED***;3
***REMOVED***;3
***REMOVED***;3
***REMOVED***;3
***REMOVED***;3
***REMOVED***;3
***REMOVED***;3
***REMOVED***;3
***REMOVED***;4
***REMOVED***;4
***REMOVED***;4
***REMOVED***;5
***REMOVED***;5
***REMOVED***;5
***REMOVED***;4
***REMOVED***;4
***REMOVED***;4
***REMOVED***;5
***REMOVED***;5
***REMOVED***;5
***REMOVED***;5
***REMOVED***;5
***REMOVED***;5
***REMOVED***;5
***REMOVED***;5
***REMOVED***;5
***REMOVED***;5
***REMOVED***;5
***REMOVED***;5
***REMOVED***;5
***REMOVED***;5
***REMOVED***;5
***REMOVED***;5
***REMOVED***;5
***REMOVED***;5
***REMOVED***;3
***REMOVED***;3
***REMOVED***;3
***REMOVED***;5
***REMOVED***;5
***REMOVED***;5
***REMOVED***;5
***REMOVED***;5
***REMOVED***;5
***REMOVED***;5
***REMOVED***;5
***REMOVED***;5
***REMOVED***;5
***REMOVED***;5
***REMOVED***;5
***REMOVED***;5
***REMOVED***;5
***REMOVED***;4
***REMOVED***;4
***REMOVED***;4
***REMOVED***;5
***REMOVED***;5
***REMOVED***;5
***REMOVED***;3
***REMOVED***;3
***REMOVED***;3
***REMOVED***;3
***REMOVED***;3
***REMOVED***;3
***REMOVED***;5
***REMOVED***;5
***REMOVED***;5
***REMOVED***;5
***REMOVED***;5
***REMOVED***;5
***REMOVED***;5
***REMOVED***;5
***REMOVED***;5
***REMOVED***;1
***REMOVED***;1
***REMOVED***;1
***REMOVED***;2
***REMOVED***;2
***REMOVED***;2
***REMOVED***;2
***REMOVED***;2
***REMOVED***;2
***REMOVED***;2
***REMOVED***;2
***REMOVED***;2
***REMOVED***;2
***REMOVED***;2
***REMOVED***;2
***REMOVED***;2
***REMOVED***;2
***REMOVED***;2
***REMOVED***;1
***REMOVED***;1
***REMOVED***;1
***REMOVED***;1
***REMOVED***;1
***REMOVED***;1
***REMOVED***;2
***REMOVED***;2
***REMOVED***;2
***REMOVED***;2
***REMOVED***;2
***REMOVED***;2
***REMOVED***;3
***REMOVED***;3
***REMOVED***;3
***REMOVED***;3
***REMOVED***;3
***REMOVED***;3
***REMOVED***;3
***REMOVED***;3
***REMOVED***;3
***REMOVED***;2
***REMOVED***;2
***REMOVED***;2
***REMOVED***;2
***REMOVED***;2
***REMOVED***;2
***REMOVED***;3
***REMOVED***;3
***REMOVED***;3
***REMOVED***;2
***REMOVED***;3
***REMOVED***;3
***REMOVED***;3
***REMOVED***;3
***REMOVED***;3
***REMOVED***;3
***REMOVED***;2
***REMOVED***;2
***REMOVED***;2
***REMOVED***;2
***REMOVED***;2
***REMOVED***;3
***REMOVED***;3
***REMOVED***;3
***REMOVED***;1
***REMOVED***;1
***REMOVED***;1
***REMOVED***;2
***REMOVED***;2
***REMOVED***;2
***REMOVED***;3
***REMOVED***;3
***REMOVED***;5
***REMOVED***;5
***REMOVED***;5
***REMOVED***;5
***REMOVED***;5
***REMOVED***;5
***REMOVED***;5
***REMOVED***;5
***REMOVED***;5
***REMOVED***;5
***REMOVED***;5
***REMOVED***;5
***REMOVED***;5
***REMOVED***;5
***REMOVED***;5
***REMOVED***;5
***REMOVED***;5
***REMOVED***;5
***REMOVED***;5
***REMOVED***;5
***REMOVED***;5
***REMOVED***;5
***REMOVED***;5
***REMOVED***;5
***REMOVED***;5
***REMOVED***;5
***REMOVED***;5
***REMOVED***;5
***REMOVED***;5
***REMOVED***;5
***REMOVED***;5
***REMOVED***;5
***REMOVED***;5
***REMOVED***;5
***REMOVED***;5
***REMOVED***;5
***REMOVED***;5
***REMOVED***;5
***REMOVED***;5
***REMOVED***;5
***REMOVED***;5
***REMOVED***;5
***REMOVED***;5
***REMOVED***;5
***REMOVED***;5
***REMOVED***;5
***REMOVED***;3
***REMOVED***;3
***REMOVED***;3
***REMOVED***;2
***REMOVED***;2
***REMOVED***;2
***REMOVED***;4
***REMOVED***;4
***REMOVED***;4
***REMOVED***;4
***REMOVED***;4
***REMOVED***;4
***REMOVED***;4
***REMOVED***;4
***REMOVED***;4
***REMOVED***;3
***REMOVED***;3
***REMOVED***;3
***REMOVED***;2
***REMOVED***;2
***REMOVED***;2
***REMOVED***;2
***REMOVED***;2
***REMOVED***;2
***REMOVED***;2
***REMOVED***;2
***REMOVED***;2
***REMOVED***;5
***REMOVED***;5
***REMOVED***;5
***REMOVED***;5
***REMOVED***;5
***REMOVED***;5
***REMOVED***;3
***REMOVED***;3
***REMOVED***;3
***REMOVED***;3
***REMOVED***;3
***REMOVED***;3
***REMOVED***;4
***REMOVED***;4
***REMOVED***;4
***REMOVED***;4
***REMOVED***;4
***REMOVED***;4
***REMOVED***;4
***REMOVED***;4
***REMOVED***;4
***REMOVED***;4
***REMOVED***;4
***REMOVED***;4
***REMOVED***;4
***REMOVED***;4
***REMOVED***;4
***REMOVED***;4
***REMOVED***;4
***REMOVED***;4
***REMOVED***;4
***REMOVED***;4
***REMOVED***;4
***REMOVED***;3
***REMOVED***;3
***REMOVED***;3
***REMOVED***;3
***REMOVED***;3
***REMOVED***;3
***REMOVED***;4
***REMOVED***;4
***REMOVED***;4
***REMOVED***;4
***REMOVED***;4
***REMOVED***;4
***REMOVED***;3
***REMOVED***;3
***REMOVED***;2
***REMOVED***;2
***REMOVED***;2
***REMOVED***;4
***REMOVED***;4
***REMOVED***;4
***REMOVED***;2
***REMOVED***;2
***REMOVED***;2
***REMOVED***;4
***REMOVED***;4
***REMOVED***;4
***REMOVED***;3
***REMOVED***;3
***REMOVED***;3
***REMOVED***;3
***REMOVED***;3
***REMOVED***;3
***REMOVED***;4
***REMOVED***;4
***REMOVED***;4
***REMOVED***;4
***REMOVED***;4
***REMOVED***;4
***REMOVED***;3
***REMOVED***;3
***REMOVED***;3
***REMOVED***;3
***REMOVED***;3
***REMOVED***;3
***REMOVED***;3
***REMOVED***;3
***REMOVED***;3
***REMOVED***;3
***REMOVED***;3
***REMOVED***;3
***REMOVED***;3
***REMOVED***;3
***REMOVED***;3
***REMOVED***;3
***REMOVED***;3
***REMOVED***;3
***REMOVED***;3
***REMOVED***;3
***REMOVED***;3
***REMOVED***;3
***REMOVED***;3
***REMOVED***;3
***REMOVED***;3
***REMOVED***;3
***REMOVED***;3
***REMOVED***;3
***REMOVED***;3
***REMOVED***;3
***REMOVED***;3
***REMOVED***;3
***REMOVED***;3
***REMOVED***;3
***REMOVED***;3
***REMOVED***;3
***REMOVED***;3
***REMOVED***;4
***REMOVED***;4
***REMOVED***;4
***REMOVED***;4
***REMOVED***;4
***REMOVED***;4
***REMOVED***;3
***REMOVED***;3
***REMOVED***;4
***REMOVED***;5
***REMOVED***;5
***REMOVED***;5
***REMOVED***;3
***REMOVED***;3
***REMOVED***;3
***REMOVED***;3
***REMOVED***;3
***REMOVED***;3
***REMOVED***;3
***REMOVED***;3
***REMOVED***;3
***REMOVED***;3
***REMOVED***;3
***REMOVED***;3
***REMOVED***;4
***REMOVED***;4
***REMOVED***;4
***REMOVED***;5
***REMOVED***;5
***REMOVED***;5
***REMOVED***;3
***REMOVED***;3
***REMOVED***;3
***REMOVED***;3
***REMOVED***;3
***REMOVED***;3
***REMOVED***;3
***REMOVED***;3
***REMOVED***;3
***REMOVED***;4
***REMOVED***;4
***REMOVED***;4
***REMOVED***;3
***REMOVED***;3
***REMOVED***;3
***REMOVED***;3
***REMOVED***;3
***REMOVED***;3
***REMOVED***;4
***REMOVED***;4
***REMOVED***;4
***REMOVED***;4
***REMOVED***;5
***REMOVED***;5
***REMOVED***;5
***REMOVED***;5
***REMOVED***;5
***REMOVED***;5
***REMOVED***;4
***REMOVED***;4
***REMOVED***;4
***REMOVED***;3
***REMOVED***;3
***REMOVED***;3
***REMOVED***;5
***REMOVED***;5
***REMOVED***;5
***REMOVED***;4
***REMOVED***;4
***REMOVED***;4
***REMOVED***;4
***REMOVED***;4
***REMOVED***;4
***REMOVED***;4
***REMOVED***;5
***REMOVED***;5
***REMOVED***;5
***REMOVED***;5
***REMOVED***;5
***REMOVED***;5
***REMOVED***;4
***REMOVED***;4
***REMOVED***;4
***REMOVED***;3
***REMOVED***;3
***REMOVED***;3
***REMOVED***;4
***REMOVED***;4
***REMOVED***;4
***REMOVED***;4
***REMOVED***;4
***REMOVED***;4
***REMOVED***;6
***REMOVED***;6
***REMOVED***;6
***REMOVED***;6
***REMOVED***;6
***REMOVED***;6
***REMOVED***;6
***REMOVED***;6
***REMOVED***;6
***REMOVED***;6
***REMOVED***;6
***REMOVED***;6
***REMOVED***;6
***REMOVED***;6
***REMOVED***;6
***REMOVED***;6
***REMOVED***;6
***REMOVED***;5
***REMOVED***;5
***REMOVED***;5
***REMOVED***;5
***REMOVED***;5
***REMOVED***;5
***REMOVED***;5
***REMOVED***;5
***REMOVED***;5
***REMOVED***;5
***REMOVED***;6
***REMOVED***;6
***REMOVED***;6
***REMOVED***;6
***REMOVED***;6
***REMOVED***;6
***REMOVED***;6
***REMOVED***;6
***REMOVED***;6
***REMOVED***;5
***REMOVED***;5
***REMOVED***;5
***REMOVED***;6
***REMOVED***;6
***REMOVED***;6
***REMOVED***;5
***REMOVED***;5
***REMOVED***;5
***REMOVED***;5
***REMOVED***;5
***REMOVED***;5
***REMOVED***;6
***REMOVED***;6
***REMOVED***;6
***REMOVED***;6
***REMOVED***;6
***REMOVED***;6
***REMOVED***;6
***REMOVED***;6
***REMOVED***;6
***REMOVED***;3
***REMOVED***;3
***REMOVED***;3
***REMOVED***;4
***REMOVED***;4
***REMOVED***;4
***REMOVED***;3
***REMOVED***;3
***REMOVED***;3
***REMOVED***;3
***REMOVED***;3
***REMOVED***;4
***REMOVED***;4
***REMOVED***;4
***REMOVED***;4
***REMOVED***;4
***REMOVED***;4
***REMOVED***;4
***REMOVED***;4
***REMOVED***;4
***REMOVED***;5
***REMOVED***;5
***REMOVED***;5
***REMOVED***;5
***REMOVED***;5
***REMOVED***;5
***REMOVED***;4
***REMOVED***;4
***REMOVED***;4
***REMOVED***;4
***REMOVED***;4
***REMOVED***;4
***REMOVED***;4
***REMOVED***;6
***REMOVED***;6
***REMOVED***;6
***REMOVED***;3
***REMOVED***;3
***REMOVED***;3
***REMOVED***;3
***REMOVED***;3
***REMOVED***;3
***REMOVED***;4
***REMOVED***;4
***REMOVED***;4
***REMOVED***;4
***REMOVED***;4
***REMOVED***;4
***REMOVED***;4
***REMOVED***;4
***REMOVED***;4
***REMOVED***;4
***REMOVED***;4
***REMOVED***;4
***REMOVED***;4
***REMOVED***;4
***REMOVED***;4
***REMOVED***;4
***REMOVED***;4
***REMOVED***;4
***REMOVED***;4
***REMOVED***;4
***REMOVED***;4
***REMOVED***;4
***REMOVED***;4
***REMOVED***;4
***REMOVED***;4
***REMOVED***;4
***REMOVED***;4
***REMOVED***;5
***REMOVED***;5
***REMOVED***;3
***REMOVED***;3
***REMOVED***;3
***REMOVED***;4
***REMOVED***;4
***REMOVED***;4
***REMOVED***;5
***REMOVED***;5
***REMOVED***;5
***REMOVED***;5
***REMOVED***;5
***REMOVED***;5
***REMOVED***;4
***REMOVED***;4
***REMOVED***;4
***REMOVED***;5
***REMOVED***;5
***REMOVED***;5
***REMOVED***;6
***REMOVED***;6
***REMOVED***;6
***REMOVED***;4
***REMOVED***;4
***REMOVED***;4
***REMOVED***;4
***REMOVED***;4
***REMOVED***;4
***REMOVED***;3
***REMOVED***;3
***REMOVED***;3
***REMOVED***;4
***REMOVED***;4
***REMOVED***;4
***REMOVED***;5
***REMOVED***;5
***REMOVED***;5
***REMOVED***;4
***REMOVED***;4
***REMOVED***;4
***REMOVED***;4
***REMOVED***;4
***REMOVED***;4
***REMOVED***;2
***REMOVED***;2
***REMOVED***;2
***REMOVED***;2
***REMOVED***;2
***REMOVED***;2
***REMOVED***;2
***REMOVED***;2
***REMOVED***;2
***REMOVED***;2
***REMOVED***;2
***REMOVED***;2
***REMOVED***;1
***REMOVED***;1
***REMOVED***;1
***REMOVED***;2
***REMOVED***;2
***REMOVED***;2
***REMOVED***;2
***REMOVED***;2
***REMOVED***;3
***REMOVED***;3
***REMOVED***;3
***REMOVED***;3
***REMOVED***;3
***REMOVED***;3
***REMOVED***;2
***REMOVED***;2
***REMOVED***;2
***REMOVED***;1
***REMOVED***;1
***REMOVED***;1
***REMOVED***;3
***REMOVED***;3
***REMOVED***;3
***REMOVED***;3
***REMOVED***;3
***REMOVED***;3
***REMOVED***;2
***REMOVED***;2
***REMOVED***;2
***REMOVED***;3
***REMOVED***;3
***REMOVED***;3
***REMOVED***;2
***REMOVED***;2
***REMOVED***;2
***REMOVED***;2
***REMOVED***;2
***REMOVED***;2
***REMOVED***;2
***REMOVED***;2
***REMOVED***;2
***REMOVED***;1
***REMOVED***;1
***REMOVED***;1
***REMOVED***;1
***REMOVED***;1
***REMOVED***;1
***REMOVED***;1
***REMOVED***;1
***REMOVED***;1
***REMOVED***;1
***REMOVED***;1
***REMOVED***;1
***REMOVED***;3
***REMOVED***;3
***REMOVED***;3
***REMOVED***;2
***REMOVED***;2
***REMOVED***;2
***REMOVED***;2
***REMOVED***;2
***REMOVED***;2
***REMOVED***;2
***REMOVED***;2
***REMOVED***;2
***REMOVED***;3
***REMOVED***;3
***REMOVED***;3
***REMOVED***;3
***REMOVED***;3
***REMOVED***;3
***REMOVED***;3
***REMOVED***;3
***REMOVED***;3
***REMOVED***;4
***REMOVED***;4
***REMOVED***;4
***REMOVED***;1
***REMOVED***;1
***REMOVED***;1
***REMOVED***;1
***REMOVED***;1
***REMOVED***;1
***REMOVED***;1
***REMOVED***;1
***REMOVED***;1
***REMOVED***;1
***REMOVED***;1
***REMOVED***;1
***REMOVED***;1
***REMOVED***;1
***REMOVED***;1
***REMOVED***;1
***REMOVED***;1
***REMOVED***;1
***REMOVED***;1
***REMOVED***;2
***REMOVED***;2
***REMOVED***;2
***REMOVED***;1
***REMOVED***;1
***REMOVED***;1
***REMOVED***;1
***REMOVED***;1
***REMOVED***;1
***REMOVED***;1
***REMOVED***;1
***REMOVED***;1
***REMOVED***;1
***REMOVED***;1
***REMOVED***;2
***REMOVED***;2
***REMOVED***;2
***REMOVED***;2
***REMOVED***;2
***REMOVED***;2
***REMOVED***;2
***REMOVED***;2
***REMOVED***;2
***REMOVED***;2
***REMOVED***;2
***REMOVED***;2
***REMOVED***;2
***REMOVED***;2
***REMOVED***;2
***REMOVED***;2
***REMOVED***;2
***REMOVED***;2
***REMOVED***;1
***REMOVED***;1
***REMOVED***;1
***REMOVED***;1
***REMOVED***;1
***REMOVED***;1
***REMOVED***;1
***REMOVED***;1
***REMOVED***;1
***REMOVED***;1
***REMOVED***;1
***REMOVED***;1
***REMOVED***;1
***REMOVED***;1
***REMOVED***;1
***REMOVED***;1
***REMOVED***;1
***REMOVED***;1
***REMOVED***;1
***REMOVED***;1
***REMOVED***;1
***REMOVED***;1
***REMOVED***;2
***REMOVED***;2
***REMOVED***;2
***REMOVED***;1
***REMOVED***;1
***REMOVED***;1
***REMOVED***;1
***REMOVED***;1
***REMOVED***;1
***REMOVED***;1
***REMOVED***;1
***REMOVED***;1
***REMOVED***;1
***REMOVED***;1
***REMOVED***;2
***REMOVED***;2
***REMOVED***;2
***REMOVED***;2
***REMOVED***;2
***REMOVED***;2
***REMOVED***;2
***REMOVED***;2
***REMOVED***;2
***REMOVED***;2
***REMOVED***;2
***REMOVED***;2
***REMOVED***;2
***REMOVED***;2
***REMOVED***;2
***REMOVED***;2
***REMOVED***;2
***REMOVED***;2
***REMOVED***;1
***REMOVED***;1
***REMOVED***;1
***REMOVED***;2
***REMOVED***;2
***REMOVED***;2
***REMOVED***;2
***REMOVED***;2
***REMOVED***;2
***REMOVED***;1
***REMOVED***;1
***REMOVED***;1
***REMOVED***;1
***REMOVED***;1
***REMOVED***;1
***REMOVED***;1
***REMOVED***;1
***REMOVED***;1
***REMOVED***;1
***REMOVED***;1
***REMOVED***;1
***REMOVED***;2
***REMOVED***;2
***REMOVED***;2
***REMOVED***;1
***REMOVED***;1
***REMOVED***;1
***REMOVED***;1
***REMOVED***;1
***REMOVED***;1
***REMOVED***;2
***REMOVED***;1
***REMOVED***;2
***REMOVED***;2
***REMOVED***;2
***REMOVED***;2
***REMOVED***;2
***REMOVED***;2
***REMOVED***;1
***REMOVED***;1
***REMOVED***;1
***REMOVED***;1
***REMOVED***;1
***REMOVED***;1
***REMOVED***;1
***REMOVED***;1
***REMOVED***;1
***REMOVED***;1
***REMOVED***;1
***REMOVED***;1
***REMOVED***;2
***REMOVED***;2
***REMOVED***;2
***REMOVED***;1
***REMOVED***;1
***REMOVED***;1
***REMOVED***;1
***REMOVED***;1
***REMOVED***;1
***REMOVED***;2
***REMOVED***;1
***REMOVED***;1
***REMOVED***;1
***REMOVED***;1
***REMOVED***;1
***REMOVED***;1
***REMOVED***;1
***REMOVED***;1
***REMOVED***;1
***REMOVED***;2
***REMOVED***;2
***REMOVED***;2
***REMOVED***;2
***REMOVED***;3
***REMOVED***;3
***REMOVED***;3
***REMOVED***;1
***REMOVED***;1
***REMOVED***;1
***REMOVED***;1
***REMOVED***;2
***REMOVED***;2
***REMOVED***;2
***REMOVED***;2
***REMOVED***;3
***REMOVED***;3
***REMOVED***;3
***REMOVED***;1
***REMOVED***;1
***REMOVED***;1
***REMOVED***;1
***REMOVED***;1
***REMOVED***;2
***REMOVED***;2
***REMOVED***;2
***REMOVED***;1
***REMOVED***;1
***REMOVED***;1
***REMOVED***;1
***REMOVED***;1
***REMOVED***;1
***REMOVED***;1
***REMOVED***;1
***REMOVED***;1
***REMOVED***;1
***REMOVED***;1
***REMOVED***;1
***REMOVED***;1
***REMOVED***;1
***REMOVED***;2
***REMOVED***;2
***REMOVED***;2
***REMOVED***;1
***REMOVED***;1
***REMOVED***;1
***REMOVED***;1
***REMOVED***;1
***REMOVED***;1
***REMOVED***;1
***REMOVED***;1
***REMOVED***;1
***REMOVED***;1
***REMOVED***;1
***REMOVED***;1
***REMOVED***;1
***REMOVED***;1
***REMOVED***;1
***REMOVED***;1
***REMOVED***;1
***REMOVED***;2
***REMOVED***;2
***REMOVED***;2
***REMOVED***;2
***REMOVED***;2
***REMOVED***;2
***REMOVED***;2
***REMOVED***;2
***REMOVED***;2
***REMOVED***;2
***REMOVED***;2
***REMOVED***;2
***REMOVED***;2
***REMOVED***;2
***REMOVED***;2
***REMOVED***;2
***REMOVED***;2
***REMOVED***;2
***REMOVED***;1
***REMOVED***;1
***REMOVED***;1
***REMOVED***;1
***REMOVED***;1
***REMOVED***;1
***REMOVED***;1
***REMOVED***;1
***REMOVED***;1
***REMOVED***;2
***REMOVED***;2
***REMOVED***;2
***REMOVED***;2
***REMOVED***;2
***REMOVED***;2
***REMOVED***;1
***REMOVED***;1
***REMOVED***;1
***REMOVED***;2
***REMOVED***;2
***REMOVED***;2
***REMOVED***;3
***REMOVED***;3
***REMOVED***;3
***REMOVED***;1
***REMOVED***;1
***REMOVED***;1
***REMOVED***;2
***REMOVED***;2
***REMOVED***;2
***REMOVED***;1
***REMOVED***;1
***REMOVED***;1
***REMOVED***;1
***REMOVED***;1
***REMOVED***;5
***REMOVED***;5
***REMOVED***;5
***REMOVED***;3
***REMOVED***;3
***REMOVED***;3
***REMOVED***;4
***REMOVED***;4
***REMOVED***;4
***REMOVED***;5
***REMOVED***;5
***REMOVED***;5
***REMOVED***;4
***REMOVED***;4
***REMOVED***;4
***REMOVED***;4
***REMOVED***;4
***REMOVED***;6
***REMOVED***;6
***REMOVED***;6
***REMOVED***;6
***REMOVED***;6
***REMOVED***;6
***REMOVED***;6
***REMOVED***;6
***REMOVED***;6
***REMOVED***;6
***REMOVED***;6
***REMOVED***;6
***REMOVED***;6
***REMOVED***;6
***REMOVED***;6
***REMOVED***;6
***REMOVED***;6
***REMOVED***;6
***REMOVED***;6
***REMOVED***;6
***REMOVED***;5
***REMOVED***;5
***REMOVED***;5
***REMOVED***;5
***REMOVED***;6
***REMOVED***;6
***REMOVED***;6
***REMOVED***;6
***REMOVED***;6
***REMOVED***;6
***REMOVED***;5
***REMOVED***;5
***REMOVED***;4
***REMOVED***;4
***REMOVED***;4
***REMOVED***;5
***REMOVED***;5
***REMOVED***;5
***REMOVED***;5
***REMOVED***;5
***REMOVED***;5
***REMOVED***;5
***REMOVED***;5
***REMOVED***;6
***REMOVED***;5
***REMOVED***;5
***REMOVED***;6
***REMOVED***;6
***REMOVED***;6
***REMOVED***;6
***REMOVED***;6
***REMOVED***;6
***REMOVED***;6
***REMOVED***;6
***REMOVED***;5
***REMOVED***;5
***REMOVED***;5
***REMOVED***;3
***REMOVED***;3
***REMOVED***;3
***REMOVED***;4
***REMOVED***;4
***REMOVED***;4
***REMOVED***;5
***REMOVED***;5
***REMOVED***;5
***REMOVED***;4
***REMOVED***;4
***REMOVED***;4
***REMOVED***;4
***REMOVED***;4
***REMOVED***;4
***REMOVED***;6
***REMOVED***;6
***REMOVED***;6
***REMOVED***;6
***REMOVED***;6
***REMOVED***;6
***REMOVED***;6
***REMOVED***;6
***REMOVED***;6
***REMOVED***;6
***REMOVED***;6
***REMOVED***;6
***REMOVED***;6
***REMOVED***;6
***REMOVED***;6
***REMOVED***;6
***REMOVED***;6
***REMOVED***;6
***REMOVED***;6
***REMOVED***;6
***REMOVED***;6
***REMOVED***;5
***REMOVED***;5
***REMOVED***;5
***REMOVED***;6
***REMOVED***;6
***REMOVED***;6
***REMOVED***;6
***REMOVED***;6
***REMOVED***;6
***REMOVED***;5
***REMOVED***;5
***REMOVED***;5
***REMOVED***;5
***REMOVED***;5
***REMOVED***;5
***REMOVED***;4
***REMOVED***;4
***REMOVED***;4
***REMOVED***;5
***REMOVED***;5
***REMOVED***;5
***REMOVED***;6
***REMOVED***;6
***REMOVED***;6
***REMOVED***;5
***REMOVED***;5
***REMOVED***;5
***REMOVED***;5
***REMOVED***;5
***REMOVED***;5
***REMOVED***;5
***REMOVED***;5
***REMOVED***;5
***REMOVED***;4
***REMOVED***;4
***REMOVED***;4
***REMOVED***;5
***REMOVED***;5
***REMOVED***;5
***REMOVED***;4
***REMOVED***;4
***REMOVED***;4
***REMOVED***;6
***REMOVED***;6
***REMOVED***;6
***REMOVED***;4
***REMOVED***;4
***REMOVED***;4
***REMOVED***;6
***REMOVED***;6
***REMOVED***;6
***REMOVED***;6
***REMOVED***;6
***REMOVED***;6
***REMOVED***;6
***REMOVED***;6
***REMOVED***;6
***REMOVED***;5
***REMOVED***;5
***REMOVED***;5
***REMOVED***;4
***REMOVED***;4
***REMOVED***;4
***REMOVED***;6
***REMOVED***;6
***REMOVED***;6
***REMOVED***;5
***REMOVED***;5
***REMOVED***;5
***REMOVED***;6
***REMOVED***;6
***REMOVED***;6
***REMOVED***;6
***REMOVED***;6
***REMOVED***;6
***REMOVED***;6
***REMOVED***;6
***REMOVED***;6
***REMOVED***;6
***REMOVED***;6
***REMOVED***;6
***REMOVED***;4
***REMOVED***;4
***REMOVED***;4
***REMOVED***;6
***REMOVED***;6
***REMOVED***;6
***REMOVED***;6
***REMOVED***;6
***REMOVED***;6
***REMOVED***;5
***REMOVED***;5
***REMOVED***;5
***REMOVED***;5
***REMOVED***;5
***REMOVED***;5
***REMOVED***;6
***REMOVED***;6
***REMOVED***;6
***REMOVED***;6
***REMOVED***;5
***REMOVED***;5
***REMOVED***;6
***REMOVED***;6
***REMOVED***;6
***REMOVED***;5
***REMOVED***;5
***REMOVED***;5
***REMOVED***;5
***REMOVED***;4
***REMOVED***;4
***REMOVED***;4
***REMOVED***;6
***REMOVED***;6
***REMOVED***;6
***REMOVED***;5
***REMOVED***;5
***REMOVED***;5
***REMOVED***;1
***REMOVED***;1
***REMOVED***;1
***REMOVED***;1
***REMOVED***;1
***REMOVED***;1
***REMOVED***;2
***REMOVED***;2
***REMOVED***;1
***REMOVED***;1
***REMOVED***;1
***REMOVED***;1
***REMOVED***;1
***REMOVED***;1
***REMOVED***;2
***REMOVED***;2
***REMOVED***;3
***REMOVED***;3
***REMOVED***;3
***REMOVED***;3
***REMOVED***;3
***REMOVED***;3
***REMOVED***;3
***REMOVED***;3
***REMOVED***;4
***REMOVED***;4
***REMOVED***;3
***REMOVED***;3
***REMOVED***;3
***REMOVED***;3
***REMOVED***;3
***REMOVED***;3
***REMOVED***;3
***REMOVED***;3
***REMOVED***;3
***REMOVED***;3
***REMOVED***;3
***REMOVED***;3
***REMOVED***;2
***REMOVED***;2
***REMOVED***;2
***REMOVED***;2
***REMOVED***;2
***REMOVED***;2
***REMOVED***;2
***REMOVED***;2
***REMOVED***;2
***REMOVED***;2
***REMOVED***;2
***REMOVED***;2
***REMOVED***;3
***REMOVED***;3
***REMOVED***;3
***REMOVED***;3
***REMOVED***;3
***REMOVED***;3
***REMOVED***;3
***REMOVED***;3
***REMOVED***;3
***REMOVED***;3
***REMOVED***;3
***REMOVED***;3
***REMOVED***;3
***REMOVED***;3
***REMOVED***;3
***REMOVED***;4
***REMOVED***;4
***REMOVED***;4
***REMOVED***;4
***REMOVED***;4
***REMOVED***;4
***REMOVED***;4
***REMOVED***;4
***REMOVED***;4
***REMOVED***;4
***REMOVED***;4
***REMOVED***;4
***REMOVED***;4
***REMOVED***;4
***REMOVED***;4
***REMOVED***;5
***REMOVED***;5
***REMOVED***;5
***REMOVED***;5
***REMOVED***;5
***REMOVED***;5
***REMOVED***;3
***REMOVED***;3
***REMOVED***;3
***REMOVED***;3
***REMOVED***;3
***REMOVED***;3
***REMOVED***;2
***REMOVED***;2
***REMOVED***;2
***REMOVED***;3
***REMOVED***;3
***REMOVED***;3
***REMOVED***;5
***REMOVED***;5
***REMOVED***;5
***REMOVED***;3
***REMOVED***;3
***REMOVED***;3
***REMOVED***;4
***REMOVED***;4
***REMOVED***;4
***REMOVED***;5
***REMOVED***;5
***REMOVED***;5
***REMOVED***;3
***REMOVED***;3
***REMOVED***;3
***REMOVED***;3
***REMOVED***;3
***REMOVED***;3
***REMOVED***;3
***REMOVED***;3
***REMOVED***;4
***REMOVED***;4
***REMOVED***;3
***REMOVED***;3
***REMOVED***;3
***REMOVED***;3
***REMOVED***;3
***REMOVED***;3
***REMOVED***;3
***REMOVED***;3
***REMOVED***;3
***REMOVED***;3
***REMOVED***;3
***REMOVED***;3
***REMOVED***;2
***REMOVED***;2
***REMOVED***;2
***REMOVED***;2
***REMOVED***;2
***REMOVED***;2
***REMOVED***;2
***REMOVED***;2
***REMOVED***;2
***REMOVED***;2
***REMOVED***;2
***REMOVED***;2
***REMOVED***;3
***REMOVED***;3
***REMOVED***;3
***REMOVED***;3
***REMOVED***;3
***REMOVED***;3
***REMOVED***;3
***REMOVED***;3
***REMOVED***;3
***REMOVED***;3
***REMOVED***;3
***REMOVED***;3
***REMOVED***;3
***REMOVED***;3
***REMOVED***;3
***REMOVED***;3
***REMOVED***;3
***REMOVED***;3
***REMOVED***;4
***REMOVED***;4
***REMOVED***;4
***REMOVED***;4
***REMOVED***;4
***REMOVED***;4
***REMOVED***;4
***REMOVED***;4
***REMOVED***;4
***REMOVED***;4
***REMOVED***;4
***REMOVED***;4
***REMOVED***;4
***REMOVED***;4
***REMOVED***;4
***REMOVED***;4
***REMOVED***;4
***REMOVED***;4
***REMOVED***;5
***REMOVED***;5
***REMOVED***;5
***REMOVED***;5
***REMOVED***;5
***REMOVED***;5
***REMOVED***;3
***REMOVED***;3
***REMOVED***;3
***REMOVED***;3
***REMOVED***;3
***REMOVED***;3
***REMOVED***;2
***REMOVED***;2
***REMOVED***;2
***REMOVED***;3
***REMOVED***;3
***REMOVED***;3
***REMOVED***;5
***REMOVED***;5
***REMOVED***;5
***REMOVED***;3
***REMOVED***;3
***REMOVED***;3
***REMOVED***;4
***REMOVED***;4
***REMOVED***;4
***REMOVED***;5
***REMOVED***;5
***REMOVED***;5
***REMOVED***;4
***REMOVED***;4
***REMOVED***;4
***REMOVED***;3
***REMOVED***;3
***REMOVED***;3
***REMOVED***;4
***REMOVED***;4
***REMOVED***;4
***REMOVED***;3
***REMOVED***;3
***REMOVED***;3
***REMOVED***;4
***REMOVED***;4
***REMOVED***;4
***REMOVED***;4
***REMOVED***;4
***REMOVED***;4
***REMOVED***;3
***REMOVED***;3
***REMOVED***;3
***REMOVED***;3
***REMOVED***;3
***REMOVED***;3
***REMOVED***;3
***REMOVED***;3
***REMOVED***;3
***REMOVED***;4
***REMOVED***;4
***REMOVED***;4
***REMOVED***;4
***REMOVED***;4
***REMOVED***;4
***REMOVED***;3
***REMOVED***;3
***REMOVED***;3
***REMOVED***;3
***REMOVED***;3
***REMOVED***;3
***REMOVED***;5
***REMOVED***;5
***REMOVED***;5
***REMOVED***;5
***REMOVED***;5
***REMOVED***;5
***REMOVED***;4
***REMOVED***;4
***REMOVED***;4
***REMOVED***;3
***REMOVED***;3
***REMOVED***;3
***REMOVED***;3
***REMOVED***;3
***REMOVED***;3
***REMOVED***;3
***REMOVED***;3
***REMOVED***;3
***REMOVED***;4
***REMOVED***;4
***REMOVED***;4
***REMOVED***;4
***REMOVED***;4
***REMOVED***;4
***REMOVED***;3
***REMOVED***;3
***REMOVED***;3
***REMOVED***;3
***REMOVED***;3
***REMOVED***;3
***REMOVED***;5
***REMOVED***;5
***REMOVED***;5
***REMOVED***;5
***REMOVED***;5
***REMOVED***;5
***REMOVED***;4
***REMOVED***;4
***REMOVED***;4
***REMOVED***;4
***REMOVED***;4
***REMOVED***;4
***REMOVED***;3
***REMOVED***;3
***REMOVED***;3
***REMOVED***;3
***REMOVED***;3
***REMOVED***;3
***REMOVED***;4
***REMOVED***;4
***REMOVED***;4
***REMOVED***;4
***REMOVED***;4
***REMOVED***;4
***REMOVED***;4
***REMOVED***;4
***REMOVED***;4
***REMOVED***;3
***REMOVED***;3
***REMOVED***;3
***REMOVED***;4
***REMOVED***;4
***REMOVED***;4
***REMOVED***;3
***REMOVED***;3
***REMOVED***;3
***REMOVED***;3
***REMOVED***;3
***REMOVED***;3
***REMOVED***;3
***REMOVED***;3
***REMOVED***;4
***REMOVED***;4
***REMOVED***;2
***REMOVED***;2
***REMOVED***;2
***REMOVED***;5
***REMOVED***;5
***REMOVED***;5
***REMOVED***;5
***REMOVED***;5
***REMOVED***;5
***REMOVED***;4
***REMOVED***;4
***REMOVED***;4
***REMOVED***;3
***REMOVED***;3
***REMOVED***;3
***REMOVED***;3
***REMOVED***;3
***REMOVED***;3
***REMOVED***;3
***REMOVED***;3
***REMOVED***;3
***REMOVED***;3
***REMOVED***;3
***REMOVED***;3
***REMOVED***;5
***REMOVED***;5
***REMOVED***;5
***REMOVED***;3
***REMOVED***;3
***REMOVED***;3
***REMOVED***;3
***REMOVED***;3
***REMOVED***;3
***REMOVED***;3
***REMOVED***;3
***REMOVED***;3
***REMOVED***;3
***REMOVED***;3
***REMOVED***;3
***REMOVED***;4
***REMOVED***;4
***REMOVED***;4
***REMOVED***;3
***REMOVED***;3
***REMOVED***;3
***REMOVED***;2
***REMOVED***;2
***REMOVED***;2
***REMOVED***;2
***REMOVED***;2
***REMOVED***;2
***REMOVED***;3
***REMOVED***;3
***REMOVED***;3
***REMOVED***;3
***REMOVED***;3
***REMOVED***;3
***REMOVED***;3
***REMOVED***;3
***REMOVED***;3
***REMOVED***;3
***REMOVED***;3
***REMOVED***;3
***REMOVED***;2
***REMOVED***;2
***REMOVED***;2
***REMOVED***;3
***REMOVED***;3
***REMOVED***;3
***REMOVED***;4
***REMOVED***;4
***REMOVED***;4
***REMOVED***;4
***REMOVED***;4
***REMOVED***;4
***REMOVED***;3
***REMOVED***;3
***REMOVED***;3
***REMOVED***;4
***REMOVED***;4
***REMOVED***;4
***REMOVED***;3
***REMOVED***;3
***REMOVED***;3
***REMOVED***;1
***REMOVED***;1
***REMOVED***;1
***REMOVED***;3
***REMOVED***;3
***REMOVED***;3
***REMOVED***;4
***REMOVED***;4
***REMOVED***;4
***REMOVED***;4
***REMOVED***;4
***REMOVED***;4
***REMOVED***;4
***REMOVED***;4
***REMOVED***;4
***REMOVED***;4
***REMOVED***;4
***REMOVED***;4
***REMOVED***;4
***REMOVED***;4
***REMOVED***;4
***REMOVED***;5
***REMOVED***;5
***REMOVED***;5
***REMOVED***;4
***REMOVED***;4
***REMOVED***;4
***REMOVED***;3
***REMOVED***;3
***REMOVED***;3
***REMOVED***;4
***REMOVED***;4
***REMOVED***;4
***REMOVED***;3
***REMOVED***;3
***REMOVED***;3
***REMOVED***;2
***REMOVED***;2
***REMOVED***;3
***REMOVED***;3
***REMOVED***;3
***REMOVED***;3
***REMOVED***;3
***REMOVED***;3
***REMOVED***;3
***REMOVED***;3
***REMOVED***;4
***REMOVED***;4
***REMOVED***;4
***REMOVED***;5
***REMOVED***;5
***REMOVED***;5
***REMOVED***;4
***REMOVED***;4
***REMOVED***;4
***REMOVED***;4
***REMOVED***;4
***REMOVED***;4
***REMOVED***;4
***REMOVED***;4
***REMOVED***;4
***REMOVED***;4
***REMOVED***;4
***REMOVED***;4
***REMOVED***;4
***REMOVED***;4
***REMOVED***;5
***REMOVED***;5
***REMOVED***;5
***REMOVED***;4
***REMOVED***;4
***REMOVED***;4
***REMOVED***;5
***REMOVED***;5
***REMOVED***;5
***REMOVED***;5
***REMOVED***;5
***REMOVED***;5
***REMOVED***;5
***REMOVED***;5
***REMOVED***;5
***REMOVED***;5
***REMOVED***;5
***REMOVED***;5
***REMOVED***;5
***REMOVED***;5
***REMOVED***;5
***REMOVED***;5
***REMOVED***;5
***REMOVED***;5
***REMOVED***;5
***REMOVED***;5
***REMOVED***;5
***REMOVED***;5
***REMOVED***;5
***REMOVED***;5
***REMOVED***;5
***REMOVED***;5
***REMOVED***;5
***REMOVED***;4
***REMOVED***;4
***REMOVED***;4
***REMOVED***;4
***REMOVED***;4
***REMOVED***;4
***REMOVED***;4
***REMOVED***;4
***REMOVED***;4
***REMOVED***;4
***REMOVED***;4
***REMOVED***;4
***REMOVED***;4
***REMOVED***;4
***REMOVED***;4
***REMOVED***;4
***REMOVED***;4
***REMOVED***;5
***REMOVED***;5
***REMOVED***;5
***REMOVED***;4
***REMOVED***;4
***REMOVED***;4
***REMOVED***;4
***REMOVED***;4
***REMOVED***;4
***REMOVED***;4
***REMOVED***;4
***REMOVED***;4
***REMOVED***;4
***REMOVED***;4
***REMOVED***;4
***REMOVED***;4
***REMOVED***;4
***REMOVED***;5
***REMOVED***;5
***REMOVED***;5
***REMOVED***;4
***REMOVED***;4
***REMOVED***;4
***REMOVED***;5
***REMOVED***;5
***REMOVED***;5
***REMOVED***;5
***REMOVED***;5
***REMOVED***;5
***REMOVED***;5
***REMOVED***;5
***REMOVED***;5
***REMOVED***;5
***REMOVED***;5
***REMOVED***;5
***REMOVED***;5
***REMOVED***;5
***REMOVED***;5
***REMOVED***;5
***REMOVED***;5
***REMOVED***;5
***REMOVED***;5
***REMOVED***;5
***REMOVED***;5
***REMOVED***;5
***REMOVED***;5
***REMOVED***;5
***REMOVED***;5
***REMOVED***;5
***REMOVED***;5
***REMOVED***;4
***REMOVED***;4
***REMOVED***;4
***REMOVED***;4
***REMOVED***;4
***REMOVED***;4
***REMOVED***;4
***REMOVED***;4
***REMOVED***;4
***REMOVED***;4
***REMOVED***;4
***REMOVED***;4
***REMOVED***;4
***REMOVED***;4
***REMOVED***;4
***REMOVED***;4
***REMOVED***;4
***REMOVED***;4
***REMOVED***;4
***REMOVED***;4
***REMOVED***;5
***REMOVED***;5
***REMOVED***;5
***REMOVED***;4
***REMOVED***;4
***REMOVED***;4
***REMOVED***;5
***REMOVED***;5
***REMOVED***;5
***REMOVED***;5
***REMOVED***;5
***REMOVED***;5
***REMOVED***;4
***REMOVED***;4
***REMOVED***;4
***REMOVED***;5
***REMOVED***;5
***REMOVED***;5
***REMOVED***;4
***REMOVED***;4
***REMOVED***;4
***REMOVED***;4
***REMOVED***;4
***REMOVED***;4
***REMOVED***;4
***REMOVED***;5
***REMOVED***;5
***REMOVED***;5
***REMOVED***;5
***REMOVED***;5
***REMOVED***;5
***REMOVED***;4
***REMOVED***;4
***REMOVED***;4
***REMOVED***;5
***REMOVED***;5
***REMOVED***;5
***REMOVED***;4
***REMOVED***;4
***REMOVED***;4
***REMOVED***;4
***REMOVED***;5
***REMOVED***;5
***REMOVED***;5
***REMOVED***;5
***REMOVED***;5
***REMOVED***;5
***REMOVED***;4
***REMOVED***;4
***REMOVED***;4
***REMOVED***;5
***REMOVED***;5
***REMOVED***;5
***REMOVED***;4
***REMOVED***;4
***REMOVED***;4
***REMOVED***;4
***REMOVED***;4
***REMOVED***;4
***REMOVED***;4
***REMOVED***;4
***REMOVED***;4
***REMOVED***;5
***REMOVED***;5
***REMOVED***;5
***REMOVED***;5
***REMOVED***;5
***REMOVED***;5
***REMOVED***;5
***REMOVED***;4
***REMOVED***;4
***REMOVED***;4
***REMOVED***;5
***REMOVED***;5
***REMOVED***;5
***REMOVED***;5
***REMOVED***;5
***REMOVED***;5
***REMOVED***;5
***REMOVED***;5
***REMOVED***;5
***REMOVED***;5
***REMOVED***;5
***REMOVED***;5
***REMOVED***;5
***REMOVED***;5
***REMOVED***;5
***REMOVED***;5
***REMOVED***;5
***REMOVED***;5
***REMOVED***;5
***REMOVED***;5
***REMOVED***;5
***REMOVED***;4
***REMOVED***;4
***REMOVED***;4
***REMOVED***;4
***REMOVED***;4
***REMOVED***;4
***REMOVED***;4
***REMOVED***;4
***REMOVED***;4
***REMOVED***;4
***REMOVED***;4
***REMOVED***;5
***REMOVED***;5
***REMOVED***;5
***REMOVED***;5
***REMOVED***;5
***REMOVED***;5
***REMOVED***;4
***REMOVED***;4
***REMOVED***;4
***REMOVED***;4
***REMOVED***;4
***REMOVED***;4
***REMOVED***;4
***REMOVED***;4
***REMOVED***;4
***REMOVED***;4
***REMOVED***;4
***REMOVED***;4
***REMOVED***;4
***REMOVED***;4
***REMOVED***;4
***REMOVED***;4
***REMOVED***;4
***REMOVED***;4
***REMOVED***;4
***REMOVED***;5
***REMOVED***;5
***REMOVED***;5
***REMOVED***;4
***REMOVED***;4
***REMOVED***;4
***REMOVED***;4
***REMOVED***;4
***REMOVED***;4
***REMOVED***;5
***REMOVED***;5
***REMOVED***;5
***REMOVED***;4
***REMOVED***;4
***REMOVED***;4
***REMOVED***;3
***REMOVED***;3
***REMOVED***;3
***REMOVED***;2
***REMOVED***;2
***REMOVED***;2
***REMOVED***;2
***REMOVED***;2
***REMOVED***;2
***REMOVED***;2
***REMOVED***;2
***REMOVED***;2
***REMOVED***;2
***REMOVED***;2
***REMOVED***;3
***REMOVED***;3
***REMOVED***;3
***REMOVED***;4
***REMOVED***;4
***REMOVED***;3
***REMOVED***;3
***REMOVED***;3
***REMOVED***;3
***REMOVED***;3
***REMOVED***;3
***REMOVED***;2
***REMOVED***;2
***REMOVED***;2
***REMOVED***;2
***REMOVED***;2
***REMOVED***;2
***REMOVED***;2
***REMOVED***;2
***REMOVED***;2
***REMOVED***;4
***REMOVED***;4
***REMOVED***;4
***REMOVED***;4
***REMOVED***;4
***REMOVED***;4
***REMOVED***;4
***REMOVED***;4
***REMOVED***;4
***REMOVED***;4
***REMOVED***;4
***REMOVED***;4
***REMOVED***;4
***REMOVED***;4
***REMOVED***;4
***REMOVED***;5
***REMOVED***;5
***REMOVED***;5
***REMOVED***;4
***REMOVED***;4
***REMOVED***;4
***REMOVED***;3
***REMOVED***;3
***REMOVED***;3
***REMOVED***;3
***REMOVED***;3
***REMOVED***;3
***REMOVED***;3
***REMOVED***;3
***REMOVED***;3
***REMOVED***;4
***REMOVED***;4
***REMOVED***;4
***REMOVED***;4
***REMOVED***;4
***REMOVED***;4
***REMOVED***;3
***REMOVED***;3
***REMOVED***;3
***REMOVED***;4
***REMOVED***;4
***REMOVED***;4
***REMOVED***;4
***REMOVED***;4
***REMOVED***;4
***REMOVED***;3
***REMOVED***;3
***REMOVED***;3
***REMOVED***;3
***REMOVED***;4
***REMOVED***;4
***REMOVED***;4
***REMOVED***;3
***REMOVED***;3
***REMOVED***;3
***REMOVED***;4
***REMOVED***;4
***REMOVED***;4
***REMOVED***;3
***REMOVED***;3
***REMOVED***;3
***REMOVED***;3
***REMOVED***;2
***REMOVED***;2
***REMOVED***;2
***REMOVED***;2
***REMOVED***;2
***REMOVED***;2
***REMOVED***;2
***REMOVED***;2
***REMOVED***;2
***REMOVED***;2
***REMOVED***;2
***REMOVED***;3
***REMOVED***;3
***REMOVED***;3
***REMOVED***;4
***REMOVED***;4
***REMOVED***;3
***REMOVED***;3
***REMOVED***;3
***REMOVED***;3
***REMOVED***;3
***REMOVED***;3
***REMOVED***;2
***REMOVED***;2
***REMOVED***;2
***REMOVED***;2
***REMOVED***;2
***REMOVED***;2
***REMOVED***;2
***REMOVED***;2
***REMOVED***;2
***REMOVED***;4
***REMOVED***;4
***REMOVED***;4
***REMOVED***;4
***REMOVED***;4
***REMOVED***;4
***REMOVED***;4
***REMOVED***;4
***REMOVED***;4
***REMOVED***;4
***REMOVED***;4
***REMOVED***;4
***REMOVED***;4
***REMOVED***;4
***REMOVED***;4
***REMOVED***;5
***REMOVED***;5
***REMOVED***;5
***REMOVED***;4
***REMOVED***;4
***REMOVED***;4
***REMOVED***;3
***REMOVED***;3
***REMOVED***;3
***REMOVED***;3
***REMOVED***;3
***REMOVED***;3
***REMOVED***;3
***REMOVED***;3
***REMOVED***;3
***REMOVED***;4
***REMOVED***;4
***REMOVED***;4
***REMOVED***;4
***REMOVED***;4
***REMOVED***;4
***REMOVED***;3
***REMOVED***;3
***REMOVED***;3
***REMOVED***;4
***REMOVED***;4
***REMOVED***;4
***REMOVED***;4
***REMOVED***;4
***REMOVED***;4
***REMOVED***;3
***REMOVED***;3
***REMOVED***;3
***REMOVED***;3
***REMOVED***;4
***REMOVED***;4
***REMOVED***;4
***REMOVED***;3
***REMOVED***;3
***REMOVED***;3
***REMOVED***;4
***REMOVED***;4
***REMOVED***;4
***REMOVED***;3
***REMOVED***;3
***REMOVED***;3
***REMOVED***;3
***REMOVED***;2
***REMOVED***;2
***REMOVED***;2
***REMOVED***;5
***REMOVED***;5
***REMOVED***;3
***REMOVED***;3
***REMOVED***;3
***REMOVED***;4
***REMOVED***;4
***REMOVED***;4
***REMOVED***;3
***REMOVED***;3
***REMOVED***;3
***REMOVED***;3
***REMOVED***;3
***REMOVED***;3
***REMOVED***;3
***REMOVED***;3
***REMOVED***;3
***REMOVED***;4
***REMOVED***;4
***REMOVED***;4
***REMOVED***;4
***REMOVED***;4
***REMOVED***;4
***REMOVED***;4
***REMOVED***;4
***REMOVED***;4
***REMOVED***;3
***REMOVED***;3
***REMOVED***;4
***REMOVED***;4
***REMOVED***;4
***REMOVED***;4
***REMOVED***;4
***REMOVED***;4
***REMOVED***;3
***REMOVED***;3
***REMOVED***;3
***REMOVED***;4
***REMOVED***;4
***REMOVED***;4
***REMOVED***;3
***REMOVED***;3
***REMOVED***;3
***REMOVED***;3
***REMOVED***;3
***REMOVED***;3
***REMOVED***;3
***REMOVED***;3
***REMOVED***;3
***REMOVED***;4
***REMOVED***;4
***REMOVED***;4
***REMOVED***;4
***REMOVED***;4
***REMOVED***;4
***REMOVED***;4
***REMOVED***;4
***REMOVED***;4
***REMOVED***;3
***REMOVED***;3
***REMOVED***;4
***REMOVED***;4
***REMOVED***;4
***REMOVED***;4
***REMOVED***;4
***REMOVED***;4
***REMOVED***;5
***REMOVED***;5
***REMOVED***;5
***REMOVED***;3
***REMOVED***;3
***REMOVED***;3
***REMOVED***;4
***REMOVED***;4
***REMOVED***;4
***REMOVED***;3
***REMOVED***;3
***REMOVED***;3
***REMOVED***;5
***REMOVED***;5
***REMOVED***;5
***REMOVED***;3
***REMOVED***;3
***REMOVED***;3
***REMOVED***;2
***REMOVED***;2
***REMOVED***;2
***REMOVED***;5
***REMOVED***;5
***REMOVED***;4
***REMOVED***;4
***REMOVED***;4
***REMOVED***;3
***REMOVED***;3
***REMOVED***;3
***REMOVED***;3
***REMOVED***;4
***REMOVED***;4
***REMOVED***;3
***REMOVED***;3
***REMOVED***;4
***REMOVED***;4
***REMOVED***;3
***REMOVED***;3
***REMOVED***;3
***REMOVED***;3
***REMOVED***;4
***REMOVED***;4
***REMOVED***;4
***REMOVED***;4
***REMOVED***;4
***REMOVED***;2
***REMOVED***;2
***REMOVED***;2
***REMOVED***;2
***REMOVED***;2
***REMOVED***;2
***REMOVED***;2
***REMOVED***;2
***REMOVED***;2
***REMOVED***;3
***REMOVED***;3
***REMOVED***;3
***REMOVED***;3
***REMOVED***;3
***REMOVED***;3
***REMOVED***;3
***REMOVED***;3
***REMOVED***;2
***REMOVED***;2
***REMOVED***;2
***REMOVED***;4
***REMOVED***;4
***REMOVED***;4
***REMOVED***;3
***REMOVED***;3
***REMOVED***;3
***REMOVED***;4
***REMOVED***;4
***REMOVED***;4
***REMOVED***;4
***REMOVED***;4
***REMOVED***;4
***REMOVED***;3
***REMOVED***;3
***REMOVED***;3
***REMOVED***;3
***REMOVED***;3
***REMOVED***;3
***REMOVED***;4
***REMOVED***;4
***REMOVED***;4
***REMOVED***;4
***REMOVED***;4
***REMOVED***;4
***REMOVED***;4
***REMOVED***;4
***REMOVED***;4
***REMOVED***;2
***REMOVED***;2
***REMOVED***;2
***REMOVED***;4
***REMOVED***;4
***REMOVED***;4
***REMOVED***;5
***REMOVED***;5
***REMOVED***;5
***REMOVED***;4
***REMOVED***;4
***REMOVED***;4
***REMOVED***;4
***REMOVED***;4
***REMOVED***;4
***REMOVED***;3
***REMOVED***;3
***REMOVED***;3
***REMOVED***;4
***REMOVED***;4
***REMOVED***;4
***REMOVED***;4
***REMOVED***;4
***REMOVED***;4
***REMOVED***;4
***REMOVED***;4
***REMOVED***;4
***REMOVED***;5
***REMOVED***;5
***REMOVED***;5
***REMOVED***;3
***REMOVED***;3
***REMOVED***;3
***REMOVED***;3
***REMOVED***;3
***REMOVED***;3
***REMOVED***;3
***REMOVED***;3
***REMOVED***;3
***REMOVED***;3
***REMOVED***;3
***REMOVED***;3
***REMOVED***;3
***REMOVED***;3
***REMOVED***;3
***REMOVED***;4
***REMOVED***;4
***REMOVED***;3
***REMOVED***;3
***REMOVED***;4
***REMOVED***;4
***REMOVED***;4
***REMOVED***;4
***REMOVED***;4
***REMOVED***;4
***REMOVED***;5
***REMOVED***;5
***REMOVED***;2
***REMOVED***;2
***REMOVED***;3
***REMOVED***;3
***REMOVED***;3
***REMOVED***;3
***REMOVED***;3
***REMOVED***;3
***REMOVED***;2
***REMOVED***;2
***REMOVED***;2
***REMOVED***;3
***REMOVED***;3
***REMOVED***;3
***REMOVED***;3
***REMOVED***;3
***REMOVED***;3
***REMOVED***;1
***REMOVED***;1
***REMOVED***;1
***REMOVED***;2
***REMOVED***;2
***REMOVED***;2
***REMOVED***;1
***REMOVED***;1
***REMOVED***;1
***REMOVED***;1
***REMOVED***;1
***REMOVED***;1
***REMOVED***;1
***REMOVED***;1
***REMOVED***;1
***REMOVED***;1
***REMOVED***;1
***REMOVED***;1
***REMOVED***;2
***REMOVED***;2
***REMOVED***;2
***REMOVED***;2
***REMOVED***;2
***REMOVED***;2
***REMOVED***;2
***REMOVED***;2
***REMOVED***;2
***REMOVED***;1
***REMOVED***;1
***REMOVED***;1
***REMOVED***;2
***REMOVED***;2
***REMOVED***;2
***REMOVED***;1
***REMOVED***;1
***REMOVED***;1
***REMOVED***;2
***REMOVED***;2
***REMOVED***;2
***REMOVED***;1
***REMOVED***;1
***REMOVED***;1
***REMOVED***;1
***REMOVED***;1
***REMOVED***;1
***REMOVED***;1
***REMOVED***;1
***REMOVED***;1
***REMOVED***;1
***REMOVED***;1
***REMOVED***;1
***REMOVED***;2
***REMOVED***;2
***REMOVED***;2
***REMOVED***;2
***REMOVED***;2
***REMOVED***;2
***REMOVED***;2
***REMOVED***;2
***REMOVED***;2
***REMOVED***;1
***REMOVED***;1
***REMOVED***;1
***REMOVED***;2
***REMOVED***;2
***REMOVED***;2
***REMOVED***;2
***REMOVED***;2
***REMOVED***;2
***REMOVED***;2
***REMOVED***;2
***REMOVED***;2
***REMOVED***;2
***REMOVED***;2
***REMOVED***;2
***REMOVED***;2
***REMOVED***;2
***REMOVED***;2
***REMOVED***;2
***REMOVED***;2
***REMOVED***;2
***REMOVED***;2
***REMOVED***;2
***REMOVED***;2
***REMOVED***;2
***REMOVED***;2
***REMOVED***;2
***REMOVED***;2
***REMOVED***;2
***REMOVED***;2
***REMOVED***;2
***REMOVED***;3
***REMOVED***;3
***REMOVED***;3
***REMOVED***;3
***REMOVED***;3
***REMOVED***;3
***REMOVED***;3
***REMOVED***;3
***REMOVED***;1
***REMOVED***;1
***REMOVED***;1
***REMOVED***;2
***REMOVED***;2
***REMOVED***;2
***REMOVED***;2
***REMOVED***;2
***REMOVED***;2
***REMOVED***;2
***REMOVED***;2
***REMOVED***;1
***REMOVED***;1
***REMOVED***;1
***REMOVED***;1
***REMOVED***;1
***REMOVED***;1
***REMOVED***;3
***REMOVED***;3
***REMOVED***;3
***REMOVED***;2
***REMOVED***;2
***REMOVED***;2
***REMOVED***;2
***REMOVED***;2
***REMOVED***;2
***REMOVED***;2
***REMOVED***;2
***REMOVED***;2
***REMOVED***;2
***REMOVED***;2
***REMOVED***;2
***REMOVED***;2
***REMOVED***;2
***REMOVED***;2
***REMOVED***;2
***REMOVED***;2
***REMOVED***;2
***REMOVED***;2
***REMOVED***;2
***REMOVED***;2
***REMOVED***;2
***REMOVED***;2
***REMOVED***;2
***REMOVED***;2
***REMOVED***;3
***REMOVED***;3
***REMOVED***;3
***REMOVED***;3
***REMOVED***;3
***REMOVED***;3
***REMOVED***;3
***REMOVED***;3
***REMOVED***;1
***REMOVED***;1
***REMOVED***;1
***REMOVED***;2
***REMOVED***;2
***REMOVED***;2
***REMOVED***;2
***REMOVED***;2
***REMOVED***;2
***REMOVED***;2
***REMOVED***;2
***REMOVED***;1
***REMOVED***;1
***REMOVED***;1
***REMOVED***;1
***REMOVED***;1
***REMOVED***;1
***REMOVED***;3
***REMOVED***;3
***REMOVED***;3
***REMOVED***;1
***REMOVED***;1
***REMOVED***;1
***REMOVED***;2
***REMOVED***;2
***REMOVED***;2
***REMOVED***;1
***REMOVED***;1
***REMOVED***;1
***REMOVED***;1
***REMOVED***;1
***REMOVED***;2
***REMOVED***;2
***REMOVED***;2
***REMOVED***;2
***REMOVED***;2
***REMOVED***;2
***REMOVED***;2
***REMOVED***;2
***REMOVED***;2
***REMOVED***;1
***REMOVED***;1
***REMOVED***;1
***REMOVED***;1
***REMOVED***;1
***REMOVED***;2
***REMOVED***;2
***REMOVED***;2
***REMOVED***;2
***REMOVED***;2
***REMOVED***;2
***REMOVED***;2
***REMOVED***;2
***REMOVED***;2
***REMOVED***;1
***REMOVED***;1
***REMOVED***;1
***REMOVED***;1
***REMOVED***;1
***REMOVED***;1
***REMOVED***;2
***REMOVED***;2
***REMOVED***;2
***REMOVED***;2
***REMOVED***;2
***REMOVED***;2
***REMOVED***;3
***REMOVED***;3
***REMOVED***;3
***REMOVED***;2
***REMOVED***;2
***REMOVED***;2
***REMOVED***;1
***REMOVED***;1
***REMOVED***;1
***REMOVED***;2
***REMOVED***;2
***REMOVED***;2
***REMOVED***;1
***REMOVED***;1
***REMOVED***;1
***REMOVED***;2
***REMOVED***;2
***REMOVED***;2
***REMOVED***;1
***REMOVED***;1
***REMOVED***;1
***REMOVED***;2
***REMOVED***;2
***REMOVED***;2
***REMOVED***;2
***REMOVED***;2
***REMOVED***;2
***REMOVED***;3
***REMOVED***;3
***REMOVED***;3
***REMOVED***;1
***REMOVED***;1
***REMOVED***;1
***REMOVED***;2
***REMOVED***;2
***REMOVED***;2
***REMOVED***;2
***REMOVED***;2
***REMOVED***;2
***REMOVED***;2
***REMOVED***;2
***REMOVED***;2
***REMOVED***;3
***REMOVED***;3
***REMOVED***;2
***REMOVED***;2
***REMOVED***;2
***REMOVED***;2
***REMOVED***;2
***REMOVED***;2
***REMOVED***;1
***REMOVED***;1
***REMOVED***;1
***REMOVED***;2
***REMOVED***;2
***REMOVED***;2
***REMOVED***;2
***REMOVED***;2
***REMOVED***;2
***REMOVED***;2
***REMOVED***;2
***REMOVED***;2
***REMOVED***;1
***REMOVED***;1
***REMOVED***;1
***REMOVED***;1
***REMOVED***;1
***REMOVED***;1
***REMOVED***;1
***REMOVED***;1
***REMOVED***;1
***REMOVED***;1
***REMOVED***;1
***REMOVED***;1
***REMOVED***;2
***REMOVED***;2
***REMOVED***;2
***REMOVED***;1
***REMOVED***;1
***REMOVED***;1
***REMOVED***;2
***REMOVED***;2
***REMOVED***;2
***REMOVED***;1
***REMOVED***;1
***REMOVED***;1
***REMOVED***;3
***REMOVED***;3
***REMOVED***;3
***REMOVED***;1
***REMOVED***;1
***REMOVED***;2
***REMOVED***;2
***REMOVED***;2
***REMOVED***;2
***REMOVED***;2
***REMOVED***;2
***REMOVED***;2
***REMOVED***;2
***REMOVED***;2
***REMOVED***;2
***REMOVED***;2
***REMOVED***;2
***REMOVED***;2
***REMOVED***;2
***REMOVED***;2
***REMOVED***;2
***REMOVED***;2
***REMOVED***;2
***REMOVED***;3
***REMOVED***;3
***REMOVED***;1
***REMOVED***;1
***REMOVED***;1
***REMOVED***;2
***REMOVED***;2
***REMOVED***;2
***REMOVED***;3
***REMOVED***;3
***REMOVED***;3
***REMOVED***;2
***REMOVED***;2
***REMOVED***;2
***REMOVED***;2
***REMOVED***;2
***REMOVED***;2
***REMOVED***;2
***REMOVED***;2
***REMOVED***;1
***REMOVED***;1
***REMOVED***;1
***REMOVED***;1
***REMOVED***;1
***REMOVED***;1
***REMOVED***;3
***REMOVED***;3
***REMOVED***;3
***REMOVED***;1
***REMOVED***;1
***REMOVED***;1
***REMOVED***;6
***REMOVED***;6
***REMOVED***;6
***REMOVED***;6
***REMOVED***;6
***REMOVED***;6
***REMOVED***;6
***REMOVED***;6
***REMOVED***;6
***REMOVED***;6
***REMOVED***;6
***REMOVED***;6
***REMOVED***;6
***REMOVED***;6
***REMOVED***;6
***REMOVED***;6
***REMOVED***;6
***REMOVED***;6
***REMOVED***;6
***REMOVED***;6
***REMOVED***;6
***REMOVED***;6
***REMOVED***;6
***REMOVED***;6
***REMOVED***;6
***REMOVED***;6
***REMOVED***;6
***REMOVED***;6
***REMOVED***;6
***REMOVED***;6
***REMOVED***;6
***REMOVED***;6
***REMOVED***;6
***REMOVED***;6
***REMOVED***;6
***REMOVED***;6
***REMOVED***;6
***REMOVED***;6
***REMOVED***;6
***REMOVED***;6
***REMOVED***;6
***REMOVED***;6
***REMOVED***;6
***REMOVED***;6
***REMOVED***;6
***REMOVED***;6
***REMOVED***;6
***REMOVED***;6
***REMOVED***;6
***REMOVED***;6
***REMOVED***;6
***REMOVED***;6
***REMOVED***;6
***REMOVED***;6
***REMOVED***;6
***REMOVED***;6
***REMOVED***;6
***REMOVED***;6
***REMOVED***;6
***REMOVED***;6
***REMOVED***;6
***REMOVED***;6
***REMOVED***;6
***REMOVED***;6
***REMOVED***;6
***REMOVED***;6
***REMOVED***;6
***REMOVED***;6
***REMOVED***;6
***REMOVED***;6
***REMOVED***;6
***REMOVED***;6
***REMOVED***;6
***REMOVED***;6
***REMOVED***;6
***REMOVED***;6
***REMOVED***;6
***REMOVED***;6
***REMOVED***;6
***REMOVED***;6
***REMOVED***;6
***REMOVED***;6
***REMOVED***;6
***REMOVED***;6
***REMOVED***;6
***REMOVED***;6
***REMOVED***;6
***REMOVED***;6
***REMOVED***;6
***REMOVED***;6
***REMOVED***;6
***REMOVED***;6
***REMOVED***;6
***REMOVED***;6
***REMOVED***;6
***REMOVED***;6
***REMOVED***;6
***REMOVED***;6
***REMOVED***;6
***REMOVED***;6
***REMOVED***;6
***REMOVED***;6
***REMOVED***;6
***REMOVED***;6
***REMOVED***;6
***REMOVED***;6
***REMOVED***;6
***REMOVED***;6
***REMOVED***;6
***REMOVED***;6
***REMOVED***;6
***REMOVED***;6
***REMOVED***;6
***REMOVED***;6
***REMOVED***;6
***REMOVED***;6
***REMOVED***;6
***REMOVED***;6
***REMOVED***;6
***REMOVED***;6
***REMOVED***;6
***REMOVED***;6
***REMOVED***;6
***REMOVED***;6
***REMOVED***;6
***REMOVED***;6
***REMOVED***;6
***REMOVED***;6
***REMOVED***;6
***REMOVED***;6
***REMOVED***;6
***REMOVED***;6
***REMOVED***;6
***REMOVED***;6
***REMOVED***;6
***REMOVED***;6
***REMOVED***;6
***REMOVED***;6
***REMOVED***;6
***REMOVED***;6
***REMOVED***;6
***REMOVED***;6
***REMOVED***;6
***REMOVED***;6
***REMOVED***;6
***REMOVED***;6
***REMOVED***;6
***REMOVED***;6
***REMOVED***;6
***REMOVED***;6
***REMOVED***;6
***REMOVED***;6
***REMOVED***;6
***REMOVED***;6
***REMOVED***;6
***REMOVED***;6
***REMOVED***;6
***REMOVED***;6
***REMOVED***;6
***REMOVED***;6
***REMOVED***;6
***REMOVED***;6
***REMOVED***;6
***REMOVED***;6
***REMOVED***;6
***REMOVED***;6
***REMOVED***;6
***REMOVED***;6
***REMOVED***;6
***REMOVED***;6
***REMOVED***;6
***REMOVED***;6
***REMOVED***;6
***REMOVED***;6
***REMOVED***;6
***REMOVED***;6
***REMOVED***;6
***REMOVED***;6
***REMOVED***;6
***REMOVED***;6
***REMOVED***;6
***REMOVED***;6
***REMOVED***;6
***REMOVED***;6
***REMOVED***;6
***REMOVED***;6
***REMOVED***;6
***REMOVED***;6
***REMOVED***;6
***REMOVED***;6
***REMOVED***;6
***REMOVED***;6
***REMOVED***;6
***REMOVED***;6
***REMOVED***;6
***REMOVED***;6
***REMOVED***;6
***REMOVED***;6
***REMOVED***;6
***REMOVED***;6
***REMOVED***;6
***REMOVED***;6
***REMOVED***;6
***REMOVED***;6
***REMOVED***;6
***REMOVED***;6
***REMOVED***;6
***REMOVED***;6
***REMOVED***;6
***REMOVED***;6
***REMOVED***;6
***REMOVED***;6
***REMOVED***;6
***REMOVED***;6
***REMOVED***;6
***REMOVED***;6
***REMOVED***;6
***REMOVED***;6
***REMOVED***;6
***REMOVED***;6
***REMOVED***;6
***REMOVED***;6
***REMOVED***;6
***REMOVED***;6
***REMOVED***;6
***REMOVED***;6
***REMOVED***;6
***REMOVED***;6
***REMOVED***;6
***REMOVED***;6
***REMOVED***;6
***REMOVED***;6
***REMOVED***;6
***REMOVED***;6
***REMOVED***;6
***REMOVED***;6
***REMOVED***;6
***REMOVED***;6
***REMOVED***;6
***REMOVED***;6
***REMOVED***;6
***REMOVED***;6
***REMOVED***;6
***REMOVED***;6
***REMOVED***;6
***REMOVED***;6
***REMOVED***;6
***REMOVED***;6
***REMOVED***;6
***REMOVED***;6
***REMOVED***;4
***REMOVED***;4
***REMOVED***;4
***REMOVED***;5
***REMOVED***;5
***REMOVED***;5
***REMOVED***;4
***REMOVED***;4
***REMOVED***;4
***REMOVED***;4
***REMOVED***;5
***REMOVED***;5
***REMOVED***;5
***REMOVED***;5
***REMOVED***;5
***REMOVED***;5
***REMOVED***;5
***REMOVED***;5
***REMOVED***;4
***REMOVED***;4
***REMOVED***;4
***REMOVED***;5
***REMOVED***;5
***REMOVED***;5
***REMOVED***;4
***REMOVED***;4
***REMOVED***;4
***REMOVED***;4
***REMOVED***;5
***REMOVED***;5
***REMOVED***;5
***REMOVED***;5
***REMOVED***;5
***REMOVED***;5
***REMOVED***;5
***REMOVED***;5
***REMOVED***;4
***REMOVED***;4
***REMOVED***;4
***REMOVED***;4
***REMOVED***;5
***REMOVED***;5
***REMOVED***;5
***REMOVED***;5
***REMOVED***;5
***REMOVED***;5
***REMOVED***;4
***REMOVED***;4
***REMOVED***;4
***REMOVED***;5
***REMOVED***;5
***REMOVED***;5
***REMOVED***;5
***REMOVED***;5
***REMOVED***;5
***REMOVED***;5
***REMOVED***;5
***REMOVED***;5
***REMOVED***;5
***REMOVED***;5
***REMOVED***;5
***REMOVED***;5
***REMOVED***;5
***REMOVED***;5
***REMOVED***;5
***REMOVED***;5
***REMOVED***;5
***REMOVED***;5
***REMOVED***;5
***REMOVED***;5
***REMOVED***;5
***REMOVED***;5
***REMOVED***;5
***REMOVED***;4
***REMOVED***;4
***REMOVED***;4
***REMOVED***;4
***REMOVED***;4
***REMOVED***;4
***REMOVED***;5
***REMOVED***;5
***REMOVED***;5
***REMOVED***;5
***REMOVED***;5
***REMOVED***;5
***REMOVED***;4
***REMOVED***;4
***REMOVED***;4
***REMOVED***;5
***REMOVED***;5
***REMOVED***;5
***REMOVED***;5
***REMOVED***;5
***REMOVED***;5
***REMOVED***;4
***REMOVED***;4
***REMOVED***;4
***REMOVED***;5
***REMOVED***;5
***REMOVED***;5
***REMOVED***;5
***REMOVED***;5
***REMOVED***;5
***REMOVED***;5
***REMOVED***;5
***REMOVED***;4
***REMOVED***;4
***REMOVED***;4
***REMOVED***;4
***REMOVED***;5
***REMOVED***;5
***REMOVED***;5
***REMOVED***;4
***REMOVED***;4
***REMOVED***;4
***REMOVED***;5
***REMOVED***;5
***REMOVED***;5
***REMOVED***;4
***REMOVED***;4
***REMOVED***;4
***REMOVED***;4
***REMOVED***;4
***REMOVED***;4
***REMOVED***;4
***REMOVED***;5
***REMOVED***;5
***REMOVED***;5
***REMOVED***;5
***REMOVED***;5
***REMOVED***;5
***REMOVED***;5
***REMOVED***;5
***REMOVED***;5
***REMOVED***;4
***REMOVED***;4
***REMOVED***;4
***REMOVED***;5
***REMOVED***;5
***REMOVED***;5
***REMOVED***;5
***REMOVED***;5
***REMOVED***;5
***REMOVED***;5
***REMOVED***;5
***REMOVED***;5
***REMOVED***;4
***REMOVED***;4
***REMOVED***;4
***REMOVED***;4
***REMOVED***;4
***REMOVED***;4
***REMOVED***;5
***REMOVED***;5
***REMOVED***;5
***REMOVED***;5
***REMOVED***;5
***REMOVED***;5
***REMOVED***;5
***REMOVED***;5
***REMOVED***;5
***REMOVED***;4
***REMOVED***;4
***REMOVED***;4
***REMOVED***;5
***REMOVED***;5
***REMOVED***;5
***REMOVED***;5
***REMOVED***;5
***REMOVED***;5
***REMOVED***;5
***REMOVED***;5
***REMOVED***;5
***REMOVED***;5
***REMOVED***;5
***REMOVED***;5
***REMOVED***;5
***REMOVED***;5
***REMOVED***;5
***REMOVED***;5
***REMOVED***;5
***REMOVED***;5
***REMOVED***;5
***REMOVED***;5
***REMOVED***;5
***REMOVED***;5
***REMOVED***;5
***REMOVED***;5
***REMOVED***;5
***REMOVED***;5
***REMOVED***;5
***REMOVED***;5
***REMOVED***;5
***REMOVED***;5
***REMOVED***;5
***REMOVED***;5
***REMOVED***;5
***REMOVED***;4
***REMOVED***;4
***REMOVED***;4
***REMOVED***;5
***REMOVED***;5
***REMOVED***;5
***REMOVED***;4
***REMOVED***;4
***REMOVED***;4
***REMOVED***;5
***REMOVED***;5
***REMOVED***;5
***REMOVED***;5
***REMOVED***;5
***REMOVED***;5
***REMOVED***;5
***REMOVED***;5
***REMOVED***;5
***REMOVED***;5
***REMOVED***;5
***REMOVED***;5
***REMOVED***;5
***REMOVED***;5
***REMOVED***;5
***REMOVED***;5
***REMOVED***;5
***REMOVED***;5
***REMOVED***;5
***REMOVED***;5
***REMOVED***;5
***REMOVED***;5
***REMOVED***;5
***REMOVED***;5
***REMOVED***;5
***REMOVED***;5
***REMOVED***;5
***REMOVED***;5
***REMOVED***;5
***REMOVED***;5
***REMOVED***;5
***REMOVED***;5
***REMOVED***;5
***REMOVED***;5
***REMOVED***;5
***REMOVED***;5
***REMOVED***;5
***REMOVED***;5
***REMOVED***;5
***REMOVED***;5
***REMOVED***;5
***REMOVED***;5
***REMOVED***;5
***REMOVED***;5
***REMOVED***;1
***REMOVED***;4
***REMOVED***;4
***REMOVED***;4
***REMOVED***;2
***REMOVED***;2
***REMOVED***;2
***REMOVED***;5
***REMOVED***;5
***REMOVED***;5
***REMOVED***;4
***REMOVED***;4
***REMOVED***;4
***REMOVED***;4
***REMOVED***;4
***REMOVED***;4
***REMOVED***;4
***REMOVED***;4
***REMOVED***;4
***REMOVED***;6
***REMOVED***;6
***REMOVED***;6
***REMOVED***;6
***REMOVED***;6
***REMOVED***;6
***REMOVED***;6
***REMOVED***;6
***REMOVED***;6
***REMOVED***;6
***REMOVED***;6
***REMOVED***;6
***REMOVED***;6
***REMOVED***;4
***REMOVED***;4
***REMOVED***;4
***REMOVED***;4
***REMOVED***;4
***REMOVED***;4
***REMOVED***;4
***REMOVED***;4
***REMOVED***;4
***REMOVED***;4
***REMOVED***;4
***REMOVED***;4
***REMOVED***;4
***REMOVED***;4
***REMOVED***;4
***REMOVED***;2
***REMOVED***;2
***REMOVED***;2
***REMOVED***;2
***REMOVED***;2
***REMOVED***;2
***REMOVED***;2
***REMOVED***;2
***REMOVED***;2
***REMOVED***;2
***REMOVED***;2
***REMOVED***;2
***REMOVED***;2
***REMOVED***;2
***REMOVED***;2
***REMOVED***;4
***REMOVED***;4
***REMOVED***;4
***REMOVED***;4
***REMOVED***;4
***REMOVED***;4
***REMOVED***;4
***REMOVED***;4
***REMOVED***;4
***REMOVED***;4
***REMOVED***;4
***REMOVED***;4
***REMOVED***;4
***REMOVED***;4
***REMOVED***;4
***REMOVED***;4
***REMOVED***;4
***REMOVED***;4
***REMOVED***;5
***REMOVED***;5
***REMOVED***;5
***REMOVED***;5
***REMOVED***;5
***REMOVED***;5
***REMOVED***;5
***REMOVED***;5
***REMOVED***;5
***REMOVED***;5
***REMOVED***;5
***REMOVED***;5
***REMOVED***;5
***REMOVED***;5
***REMOVED***;5
***REMOVED***;5
***REMOVED***;5
***REMOVED***;5
***REMOVED***;5
***REMOVED***;5
***REMOVED***;5
***REMOVED***;4
***REMOVED***;4
***REMOVED***;4
***REMOVED***;4
***REMOVED***;4
***REMOVED***;4
***REMOVED***;4
***REMOVED***;4
***REMOVED***;4
***REMOVED***;4
***REMOVED***;4
***REMOVED***;4
***REMOVED***;4
***REMOVED***;4
***REMOVED***;4
***REMOVED***;4
***REMOVED***;4
***REMOVED***;4
***REMOVED***;3
***REMOVED***;3
***REMOVED***;3
***REMOVED***;3
***REMOVED***;3
***REMOVED***;3
***REMOVED***;3
***REMOVED***;3
***REMOVED***;3
***REMOVED***;3
***REMOVED***;3
***REMOVED***;3
***REMOVED***;4
***REMOVED***;4
***REMOVED***;4
***REMOVED***;4
***REMOVED***;4
***REMOVED***;4
***REMOVED***;4
***REMOVED***;4
***REMOVED***;4
***REMOVED***;4
***REMOVED***;4
***REMOVED***;4
***REMOVED***;4
***REMOVED***;4
***REMOVED***;4
***REMOVED***;4
***REMOVED***;4
***REMOVED***;4
***REMOVED***;4
***REMOVED***;4
***REMOVED***;4
***REMOVED***;4
***REMOVED***;4
***REMOVED***;4
***REMOVED***;4
***REMOVED***;4
***REMOVED***;4
***REMOVED***;4
***REMOVED***;4
***REMOVED***;4
***REMOVED***;4
***REMOVED***;4
***REMOVED***;4
***REMOVED***;4
***REMOVED***;4
***REMOVED***;4
***REMOVED***;4
***REMOVED***;4
***REMOVED***;4
***REMOVED***;1
***REMOVED***;1
***REMOVED***;1
***REMOVED***;5
***REMOVED***;5
***REMOVED***;5
