***REMOVED***;dentro_raccordo
***REMOVED***;dentro_raccordo
***REMOVED***;dentro_raccordo
***REMOVED***;dentro_raccordo
***REMOVED***;dentro_raccordo
***REMOVED***;dentro_raccordo
***REMOVED***;dentro_raccordo
***REMOVED***;dentro_raccordo
***REMOVED***;dentro_raccordo
***REMOVED***;dentro_raccordo
***REMOVED***;dentro_raccordo
***REMOVED***;dentro_raccordo
***REMOVED***;dentro_raccordo
***REMOVED***;dentro_raccordo
***REMOVED***;dentro_raccordo
***REMOVED***;dentro_raccordo
***REMOVED***;dentro_raccordo
***REMOVED***;dentro_raccordo
***REMOVED***;dentro_raccordo
***REMOVED***;dentro_raccordo
***REMOVED***;dentro_raccordo
***REMOVED***;dentro_raccordo
***REMOVED***;dentro_raccordo
***REMOVED***;dentro_raccordo
***REMOVED***;dentro_raccordo
***REMOVED***;dentro_raccordo
***REMOVED***;dentro_raccordo
***REMOVED***;dentro_raccordo
***REMOVED***;dentro_raccordo
***REMOVED***;dentro_raccordo
***REMOVED***;dentro_raccordo
***REMOVED***;dentro_raccordo
***REMOVED***;dentro_raccordo
***REMOVED***;dentro_raccordo
***REMOVED***;dentro_raccordo
***REMOVED***;dentro_raccordo
***REMOVED***;dentro_raccordo
***REMOVED***;dentro_raccordo
***REMOVED***;dentro_raccordo
***REMOVED***;dentro_raccordo
***REMOVED***;dentro_raccordo
***REMOVED***;dentro_raccordo
***REMOVED***;dentro_raccordo
***REMOVED***;dentro_raccordo
***REMOVED***;dentro_raccordo
***REMOVED***;dentro_raccordo
***REMOVED***;dentro_raccordo
***REMOVED***;dentro_raccordo
***REMOVED***;dentro_raccordo
***REMOVED***;dentro_raccordo
***REMOVED***;dentro_raccordo
***REMOVED***;dentro_raccordo
***REMOVED***;dentro_raccordo
***REMOVED***;dentro_raccordo
***REMOVED***;dentro_raccordo
***REMOVED***;dentro_raccordo
***REMOVED***;dentro_raccordo
***REMOVED***;dentro_raccordo
***REMOVED***;dentro_raccordo
***REMOVED***;dentro_raccordo
***REMOVED***;dentro_raccordo
***REMOVED***;dentro_raccordo
***REMOVED***;dentro_raccordo
***REMOVED***;dentro_raccordo
***REMOVED***;dentro_raccordo
***REMOVED***;dentro_raccordo
***REMOVED***;dentro_raccordo
***REMOVED***;dentro_raccordo
***REMOVED***;dentro_raccordo
***REMOVED***;dentro_raccordo
***REMOVED***;dentro_raccordo
***REMOVED***;dentro_raccordo
***REMOVED***;dentro_raccordo
***REMOVED***;dentro_raccordo
***REMOVED***;dentro_raccordo
***REMOVED***;dentro_raccordo
***REMOVED***;dentro_raccordo
***REMOVED***;dentro_raccordo
***REMOVED***;dentro_raccordo
***REMOVED***;dentro_raccordo
***REMOVED***;dentro_raccordo
***REMOVED***;dentro_raccordo
***REMOVED***;dentro_raccordo
***REMOVED***;dentro_raccordo
***REMOVED***;dentro_raccordo
***REMOVED***;dentro_raccordo
***REMOVED***;dentro_raccordo
***REMOVED***;dentro_raccordo
***REMOVED***;dentro_raccordo
***REMOVED***;dentro_raccordo
***REMOVED***;dentro_raccordo
***REMOVED***;dentro_raccordo
***REMOVED***;dentro_raccordo
***REMOVED***;dentro_raccordo
***REMOVED***;dentro_raccordo
***REMOVED***;dentro_raccordo
***REMOVED***;dentro_raccordo
***REMOVED***;dentro_raccordo
***REMOVED***;dentro_raccordo
***REMOVED***;dentro_raccordo
***REMOVED***;dentro_raccordo
***REMOVED***;dentro_raccordo
***REMOVED***;dentro_raccordo
***REMOVED***;dentro_raccordo
***REMOVED***;dentro_raccordo
***REMOVED***;dentro_raccordo
***REMOVED***;dentro_raccordo
***REMOVED***;dentro_raccordo
***REMOVED***;dentro_raccordo
***REMOVED***;dentro_raccordo
***REMOVED***;dentro_raccordo
***REMOVED***;dentro_raccordo
***REMOVED***;dentro_raccordo
***REMOVED***;dentro_raccordo
***REMOVED***;dentro_raccordo
***REMOVED***;dentro_raccordo
***REMOVED***;dentro_raccordo
***REMOVED***;dentro_raccordo
***REMOVED***;dentro_raccordo
***REMOVED***;dentro_raccordo
***REMOVED***;dentro_raccordo
***REMOVED***;dentro_raccordo
***REMOVED***;dentro_raccordo
***REMOVED***;dentro_raccordo
***REMOVED***;dentro_raccordo
***REMOVED***;dentro_raccordo
***REMOVED***;dentro_raccordo
***REMOVED***;dentro_raccordo
***REMOVED***;dentro_raccordo
***REMOVED***;dentro_raccordo
***REMOVED***;dentro_raccordo
***REMOVED***;dentro_raccordo
***REMOVED***;dentro_raccordo
***REMOVED***;dentro_raccordo
***REMOVED***;dentro_raccordo
***REMOVED***;dentro_raccordo
***REMOVED***;dentro_raccordo
***REMOVED***;dentro_raccordo
***REMOVED***;dentro_raccordo
***REMOVED***;dentro_raccordo
***REMOVED***;dentro_raccordo
***REMOVED***;dentro_raccordo
***REMOVED***;dentro_raccordo
***REMOVED***;dentro_raccordo
***REMOVED***;dentro_raccordo
***REMOVED***;dentro_raccordo
***REMOVED***;dentro_raccordo
***REMOVED***;dentro_raccordo
***REMOVED***;dentro_raccordo
***REMOVED***;dentro_raccordo
***REMOVED***;dentro_raccordo
***REMOVED***;dentro_raccordo
***REMOVED***;dentro_raccordo
***REMOVED***;dentro_raccordo
***REMOVED***;dentro_raccordo
***REMOVED***;dentro_raccordo
***REMOVED***;dentro_raccordo
***REMOVED***;dentro_raccordo
***REMOVED***;dentro_raccordo
***REMOVED***;dentro_raccordo
***REMOVED***;dentro_raccordo
***REMOVED***;dentro_raccordo
***REMOVED***;dentro_raccordo
***REMOVED***;dentro_raccordo
***REMOVED***;dentro_raccordo
***REMOVED***;dentro_raccordo
***REMOVED***;dentro_raccordo
***REMOVED***;dentro_raccordo
***REMOVED***;dentro_raccordo
***REMOVED***;dentro_raccordo
***REMOVED***;dentro_raccordo
***REMOVED***;dentro_raccordo
***REMOVED***;dentro_raccordo
***REMOVED***;dentro_raccordo
***REMOVED***;dentro_raccordo
***REMOVED***;dentro_raccordo
***REMOVED***;dentro_raccordo
***REMOVED***;dentro_raccordo
***REMOVED***;dentro_raccordo
***REMOVED***;dentro_raccordo
***REMOVED***;dentro_raccordo
***REMOVED***;dentro_raccordo
***REMOVED***;dentro_raccordo
***REMOVED***;dentro_raccordo
***REMOVED***;dentro_raccordo
***REMOVED***;dentro_raccordo
***REMOVED***;dentro_raccordo
***REMOVED***;dentro_raccordo
***REMOVED***;dentro_raccordo
***REMOVED***;dentro_raccordo
***REMOVED***;dentro_raccordo
***REMOVED***;dentro_raccordo
***REMOVED***;dentro_raccordo
***REMOVED***;dentro_raccordo
***REMOVED***;dentro_raccordo
***REMOVED***;dentro_raccordo
***REMOVED***;dentro_raccordo
***REMOVED***;dentro_raccordo
***REMOVED***;dentro_raccordo
***REMOVED***;dentro_raccordo
***REMOVED***;dentro_raccordo
***REMOVED***;dentro_raccordo
***REMOVED***;dentro_raccordo
***REMOVED***;dentro_raccordo
***REMOVED***;dentro_raccordo
***REMOVED***;dentro_raccordo
***REMOVED***;dentro_raccordo
***REMOVED***;dentro_raccordo
***REMOVED***;dentro_raccordo
***REMOVED***;dentro_raccordo
***REMOVED***;dentro_raccordo
***REMOVED***;dentro_raccordo
***REMOVED***;dentro_raccordo
***REMOVED***;dentro_raccordo
***REMOVED***;dentro_raccordo
***REMOVED***;dentro_raccordo
***REMOVED***;dentro_raccordo
***REMOVED***;dentro_raccordo
***REMOVED***;dentro_raccordo
***REMOVED***;dentro_raccordo
***REMOVED***;dentro_raccordo
***REMOVED***;dentro_raccordo
***REMOVED***;dentro_raccordo
***REMOVED***;dentro_raccordo
***REMOVED***;dentro_raccordo
***REMOVED***;dentro_raccordo
***REMOVED***;dentro_raccordo
***REMOVED***;dentro_raccordo
***REMOVED***;dentro_raccordo
***REMOVED***;dentro_raccordo
***REMOVED***;dentro_raccordo
***REMOVED***;dentro_raccordo
***REMOVED***;dentro_raccordo
***REMOVED***;dentro_raccordo
***REMOVED***;dentro_raccordo
***REMOVED***;dentro_raccordo
***REMOVED***;dentro_raccordo
***REMOVED***;dentro_raccordo
***REMOVED***;dentro_raccordo
***REMOVED***;dentro_raccordo
***REMOVED***;dentro_raccordo
***REMOVED***;dentro_raccordo
***REMOVED***;dentro_raccordo
***REMOVED***;dentro_raccordo
***REMOVED***;dentro_raccordo
***REMOVED***;dentro_raccordo
***REMOVED***;dentro_raccordo
***REMOVED***;dentro_raccordo
***REMOVED***;dentro_raccordo
***REMOVED***;dentro_raccordo
***REMOVED***;dentro_raccordo
***REMOVED***;dentro_raccordo
***REMOVED***;dentro_raccordo
***REMOVED***;dentro_raccordo
***REMOVED***;dentro_raccordo
***REMOVED***;dentro_raccordo
***REMOVED***;dentro_raccordo
***REMOVED***;dentro_raccordo
***REMOVED***;dentro_raccordo
***REMOVED***;dentro_raccordo
***REMOVED***;dentro_raccordo
***REMOVED***;dentro_raccordo
***REMOVED***;dentro_raccordo
***REMOVED***;dentro_raccordo
***REMOVED***;dentro_raccordo
***REMOVED***;dentro_raccordo
***REMOVED***;dentro_raccordo
***REMOVED***;dentro_raccordo
***REMOVED***;dentro_raccordo
***REMOVED***;dentro_raccordo
***REMOVED***;dentro_raccordo
***REMOVED***;dentro_raccordo
***REMOVED***;dentro_raccordo
***REMOVED***;dentro_raccordo
***REMOVED***;dentro_raccordo
***REMOVED***;dentro_raccordo
***REMOVED***;dentro_raccordo
***REMOVED***;dentro_raccordo
***REMOVED***;dentro_raccordo
***REMOVED***;dentro_raccordo
***REMOVED***;dentro_raccordo
***REMOVED***;dentro_raccordo
***REMOVED***;dentro_raccordo
***REMOVED***;dentro_raccordo
***REMOVED***;dentro_raccordo
***REMOVED***;dentro_raccordo
***REMOVED***;dentro_raccordo
***REMOVED***;dentro_raccordo
***REMOVED***;dentro_raccordo
***REMOVED***;dentro_raccordo
***REMOVED***;dentro_raccordo
***REMOVED***;dentro_raccordo
***REMOVED***;dentro_raccordo
***REMOVED***;dentro_raccordo
***REMOVED***;dentro_raccordo
***REMOVED***;dentro_raccordo
***REMOVED***;dentro_raccordo
***REMOVED***;dentro_raccordo
***REMOVED***;dentro_raccordo
***REMOVED***;dentro_raccordo
***REMOVED***;dentro_raccordo
***REMOVED***;dentro_raccordo
***REMOVED***;dentro_raccordo
***REMOVED***;dentro_raccordo
***REMOVED***;dentro_raccordo
***REMOVED***;dentro_raccordo
***REMOVED***;dentro_raccordo
***REMOVED***;dentro_raccordo
***REMOVED***;dentro_raccordo
***REMOVED***;dentro_raccordo
***REMOVED***;dentro_raccordo
***REMOVED***;dentro_raccordo
***REMOVED***;dentro_raccordo
***REMOVED***;dentro_raccordo
***REMOVED***;dentro_raccordo
***REMOVED***;dentro_raccordo
***REMOVED***;dentro_raccordo
***REMOVED***;dentro_raccordo
***REMOVED***;dentro_raccordo
***REMOVED***;dentro_raccordo
***REMOVED***;dentro_raccordo
***REMOVED***;dentro_raccordo
***REMOVED***;dentro_raccordo
***REMOVED***;dentro_raccordo
***REMOVED***;dentro_raccordo
***REMOVED***;dentro_raccordo
***REMOVED***;dentro_raccordo
***REMOVED***;dentro_raccordo
***REMOVED***;dentro_raccordo
***REMOVED***;dentro_raccordo
***REMOVED***;dentro_raccordo
***REMOVED***;dentro_raccordo
***REMOVED***;dentro_raccordo
***REMOVED***;dentro_raccordo
***REMOVED***;dentro_raccordo
***REMOVED***;dentro_raccordo
***REMOVED***;dentro_raccordo
***REMOVED***;dentro_raccordo
***REMOVED***;dentro_raccordo
***REMOVED***;dentro_raccordo
***REMOVED***;dentro_raccordo
***REMOVED***;dentro_raccordo
***REMOVED***;dentro_raccordo
***REMOVED***;dentro_raccordo
***REMOVED***;dentro_raccordo
***REMOVED***;dentro_raccordo
***REMOVED***;dentro_raccordo
***REMOVED***;dentro_raccordo
***REMOVED***;dentro_raccordo
***REMOVED***;dentro_raccordo
***REMOVED***;dentro_raccordo
***REMOVED***;dentro_raccordo
***REMOVED***;dentro_raccordo
***REMOVED***;dentro_raccordo
***REMOVED***;dentro_raccordo
***REMOVED***;dentro_raccordo
***REMOVED***;dentro_raccordo
***REMOVED***;dentro_raccordo
***REMOVED***;dentro_raccordo
***REMOVED***;dentro_raccordo
***REMOVED***;dentro_raccordo
***REMOVED***;dentro_raccordo
***REMOVED***;dentro_raccordo
***REMOVED***;dentro_raccordo
***REMOVED***;dentro_raccordo
***REMOVED***;dentro_raccordo
***REMOVED***;dentro_raccordo
***REMOVED***;dentro_raccordo
***REMOVED***;dentro_raccordo
***REMOVED***;dentro_raccordo
***REMOVED***;dentro_raccordo
***REMOVED***;dentro_raccordo
***REMOVED***;dentro_raccordo
***REMOVED***;dentro_raccordo
***REMOVED***;dentro_raccordo
***REMOVED***;dentro_raccordo
***REMOVED***;dentro_raccordo
***REMOVED***;dentro_raccordo
***REMOVED***;dentro_raccordo
***REMOVED***;dentro_raccordo
***REMOVED***;dentro_raccordo
***REMOVED***;dentro_raccordo
***REMOVED***;dentro_raccordo
***REMOVED***;dentro_raccordo
***REMOVED***;dentro_raccordo
***REMOVED***;dentro_raccordo
***REMOVED***;dentro_raccordo
***REMOVED***;dentro_raccordo
***REMOVED***;dentro_raccordo
***REMOVED***;dentro_raccordo
***REMOVED***;dentro_raccordo
***REMOVED***;dentro_raccordo
***REMOVED***;dentro_raccordo
***REMOVED***;dentro_raccordo
***REMOVED***;dentro_raccordo
***REMOVED***;dentro_raccordo
***REMOVED***;dentro_raccordo
***REMOVED***;dentro_raccordo
***REMOVED***;dentro_raccordo
***REMOVED***;dentro_raccordo
***REMOVED***;dentro_raccordo
***REMOVED***;dentro_raccordo
***REMOVED***;dentro_raccordo
***REMOVED***;dentro_raccordo
***REMOVED***;dentro_raccordo
***REMOVED***;dentro_raccordo
***REMOVED***;dentro_raccordo
***REMOVED***;dentro_raccordo
***REMOVED***;dentro_raccordo
***REMOVED***;dentro_raccordo
***REMOVED***;dentro_raccordo
***REMOVED***;dentro_raccordo
***REMOVED***;dentro_raccordo
***REMOVED***;dentro_raccordo
***REMOVED***;dentro_raccordo
***REMOVED***;dentro_raccordo
***REMOVED***;dentro_raccordo
***REMOVED***;dentro_raccordo
***REMOVED***;dentro_raccordo
***REMOVED***;dentro_raccordo
***REMOVED***;dentro_raccordo
***REMOVED***;dentro_raccordo
***REMOVED***;dentro_raccordo
***REMOVED***;dentro_raccordo
***REMOVED***;dentro_raccordo
***REMOVED***;dentro_raccordo
***REMOVED***;dentro_raccordo
***REMOVED***;dentro_raccordo
***REMOVED***;dentro_raccordo
***REMOVED***;dentro_raccordo
***REMOVED***;dentro_raccordo
***REMOVED***;dentro_raccordo
***REMOVED***;dentro_raccordo
***REMOVED***;dentro_raccordo
***REMOVED***;dentro_raccordo
***REMOVED***;dentro_raccordo
***REMOVED***;dentro_raccordo
***REMOVED***;dentro_raccordo
***REMOVED***;dentro_raccordo
***REMOVED***;dentro_raccordo
***REMOVED***;dentro_raccordo
***REMOVED***;dentro_raccordo
***REMOVED***;dentro_raccordo
***REMOVED***;dentro_raccordo
***REMOVED***;dentro_raccordo
***REMOVED***;dentro_raccordo
***REMOVED***;dentro_raccordo
***REMOVED***;dentro_raccordo
***REMOVED***;dentro_raccordo
***REMOVED***;dentro_raccordo
***REMOVED***;dentro_raccordo
***REMOVED***;dentro_raccordo
***REMOVED***;dentro_raccordo
***REMOVED***;dentro_raccordo
***REMOVED***;dentro_raccordo
***REMOVED***;dentro_raccordo
***REMOVED***;dentro_raccordo
***REMOVED***;dentro_raccordo
***REMOVED***;dentro_raccordo
***REMOVED***;dentro_raccordo
***REMOVED***;dentro_raccordo
***REMOVED***;dentro_raccordo
***REMOVED***;dentro_raccordo
***REMOVED***;dentro_raccordo
***REMOVED***;dentro_raccordo
***REMOVED***;dentro_raccordo
***REMOVED***;dentro_raccordo
***REMOVED***;dentro_raccordo
***REMOVED***;dentro_raccordo
***REMOVED***;dentro_raccordo
***REMOVED***;dentro_raccordo
***REMOVED***;dentro_raccordo
***REMOVED***;dentro_raccordo
***REMOVED***;dentro_raccordo
***REMOVED***;dentro_raccordo
***REMOVED***;dentro_raccordo
***REMOVED***;dentro_raccordo
***REMOVED***;dentro_raccordo
***REMOVED***;dentro_raccordo
***REMOVED***;dentro_raccordo
***REMOVED***;dentro_raccordo
***REMOVED***;dentro_raccordo
***REMOVED***;dentro_raccordo
***REMOVED***;dentro_raccordo
***REMOVED***;dentro_raccordo
***REMOVED***;dentro_raccordo
***REMOVED***;dentro_raccordo
***REMOVED***;dentro_raccordo
***REMOVED***;dentro_raccordo
***REMOVED***;dentro_raccordo
***REMOVED***;dentro_raccordo
***REMOVED***;dentro_raccordo
***REMOVED***;dentro_raccordo
***REMOVED***;dentro_raccordo
***REMOVED***;dentro_raccordo
***REMOVED***;dentro_raccordo
***REMOVED***;dentro_raccordo
***REMOVED***;dentro_raccordo
***REMOVED***;dentro_raccordo
***REMOVED***;dentro_raccordo
***REMOVED***;dentro_raccordo
***REMOVED***;dentro_raccordo
***REMOVED***;dentro_raccordo
***REMOVED***;dentro_raccordo
***REMOVED***;dentro_raccordo
***REMOVED***;dentro_raccordo
***REMOVED***;dentro_raccordo
***REMOVED***;dentro_raccordo
***REMOVED***;dentro_raccordo
***REMOVED***;dentro_raccordo
***REMOVED***;dentro_raccordo
***REMOVED***;dentro_raccordo
***REMOVED***;dentro_raccordo
***REMOVED***;dentro_raccordo
***REMOVED***;dentro_raccordo
***REMOVED***;dentro_raccordo
***REMOVED***;dentro_raccordo
***REMOVED***;dentro_raccordo
***REMOVED***;dentro_raccordo
***REMOVED***;dentro_raccordo
***REMOVED***;dentro_raccordo
***REMOVED***;dentro_raccordo
***REMOVED***;dentro_raccordo
***REMOVED***;dentro_raccordo
***REMOVED***;dentro_raccordo
***REMOVED***;dentro_raccordo
***REMOVED***;dentro_raccordo
***REMOVED***;dentro_raccordo
***REMOVED***;dentro_raccordo
***REMOVED***;dentro_raccordo
***REMOVED***;dentro_raccordo
***REMOVED***;dentro_raccordo
***REMOVED***;dentro_raccordo
***REMOVED***;dentro_raccordo
***REMOVED***;dentro_raccordo
***REMOVED***;dentro_raccordo
***REMOVED***;dentro_raccordo
***REMOVED***;dentro_raccordo
***REMOVED***;dentro_raccordo
***REMOVED***;dentro_raccordo
***REMOVED***;dentro_raccordo
***REMOVED***;dentro_raccordo
***REMOVED***;dentro_raccordo
***REMOVED***;dentro_raccordo
***REMOVED***;dentro_raccordo
***REMOVED***;dentro_raccordo
***REMOVED***;dentro_raccordo
***REMOVED***;dentro_raccordo
***REMOVED***;dentro_raccordo
***REMOVED***;dentro_raccordo
***REMOVED***;dentro_raccordo
***REMOVED***;dentro_raccordo
***REMOVED***;dentro_raccordo
***REMOVED***;dentro_raccordo
***REMOVED***;dentro_raccordo
***REMOVED***;dentro_raccordo
***REMOVED***;dentro_raccordo
***REMOVED***;dentro_raccordo
***REMOVED***;dentro_raccordo
***REMOVED***;dentro_raccordo
***REMOVED***;dentro_raccordo
***REMOVED***;dentro_raccordo
***REMOVED***;dentro_raccordo
***REMOVED***;dentro_raccordo
***REMOVED***;dentro_raccordo
***REMOVED***;dentro_raccordo
***REMOVED***;dentro_raccordo
***REMOVED***;dentro_raccordo
***REMOVED***;dentro_raccordo
***REMOVED***;dentro_raccordo
***REMOVED***;dentro_raccordo
***REMOVED***;dentro_raccordo
***REMOVED***;dentro_raccordo
***REMOVED***;dentro_raccordo
***REMOVED***;dentro_raccordo
***REMOVED***;dentro_raccordo
***REMOVED***;dentro_raccordo
***REMOVED***;dentro_raccordo
***REMOVED***;dentro_raccordo
***REMOVED***;dentro_raccordo
***REMOVED***;dentro_raccordo
***REMOVED***;dentro_raccordo
***REMOVED***;dentro_raccordo
***REMOVED***;dentro_raccordo
***REMOVED***;dentro_raccordo
***REMOVED***;dentro_raccordo
***REMOVED***;dentro_raccordo
***REMOVED***;dentro_raccordo
***REMOVED***;dentro_raccordo
***REMOVED***;dentro_raccordo
***REMOVED***;dentro_raccordo
***REMOVED***;dentro_raccordo
***REMOVED***;dentro_raccordo
***REMOVED***;dentro_raccordo
***REMOVED***;dentro_raccordo
***REMOVED***;dentro_raccordo
***REMOVED***;dentro_raccordo
***REMOVED***;dentro_raccordo
***REMOVED***;dentro_raccordo
***REMOVED***;dentro_raccordo
***REMOVED***;dentro_raccordo
***REMOVED***;dentro_raccordo
***REMOVED***;dentro_raccordo
***REMOVED***;dentro_raccordo
***REMOVED***;dentro_raccordo
***REMOVED***;dentro_raccordo
***REMOVED***;dentro_raccordo
***REMOVED***;dentro_raccordo
***REMOVED***;dentro_raccordo
***REMOVED***;dentro_raccordo
***REMOVED***;dentro_raccordo
***REMOVED***;dentro_raccordo
***REMOVED***;dentro_raccordo
***REMOVED***;dentro_raccordo
***REMOVED***;dentro_raccordo
***REMOVED***;dentro_raccordo
***REMOVED***;dentro_raccordo
***REMOVED***;dentro_raccordo
***REMOVED***;dentro_raccordo
***REMOVED***;dentro_raccordo
***REMOVED***;dentro_raccordo
***REMOVED***;dentro_raccordo
***REMOVED***;dentro_raccordo
***REMOVED***;dentro_raccordo
***REMOVED***;dentro_raccordo
***REMOVED***;dentro_raccordo
***REMOVED***;dentro_raccordo
***REMOVED***;dentro_raccordo
***REMOVED***;dentro_raccordo
***REMOVED***;dentro_raccordo
***REMOVED***;dentro_raccordo
***REMOVED***;dentro_raccordo
***REMOVED***;dentro_raccordo
***REMOVED***;dentro_raccordo
***REMOVED***;dentro_raccordo
***REMOVED***;dentro_raccordo
***REMOVED***;dentro_raccordo
***REMOVED***;dentro_raccordo
***REMOVED***;dentro_raccordo
***REMOVED***;dentro_raccordo
***REMOVED***;dentro_raccordo
***REMOVED***;dentro_raccordo
***REMOVED***;dentro_raccordo
***REMOVED***;dentro_raccordo
***REMOVED***;dentro_raccordo
***REMOVED***;dentro_raccordo
***REMOVED***;dentro_raccordo
***REMOVED***;dentro_raccordo
***REMOVED***;dentro_raccordo
***REMOVED***;dentro_raccordo
***REMOVED***;dentro_raccordo
***REMOVED***;dentro_raccordo
***REMOVED***;dentro_raccordo
***REMOVED***;dentro_raccordo
***REMOVED***;dentro_raccordo
***REMOVED***;dentro_raccordo
***REMOVED***;dentro_raccordo
***REMOVED***;dentro_raccordo
***REMOVED***;dentro_raccordo
***REMOVED***;dentro_raccordo
***REMOVED***;dentro_raccordo
***REMOVED***;dentro_raccordo
***REMOVED***;dentro_raccordo
***REMOVED***;dentro_raccordo
***REMOVED***;dentro_raccordo
***REMOVED***;dentro_raccordo
***REMOVED***;dentro_raccordo
***REMOVED***;dentro_raccordo
***REMOVED***;dentro_raccordo
***REMOVED***;dentro_raccordo
***REMOVED***;dentro_raccordo
***REMOVED***;dentro_raccordo
***REMOVED***;dentro_raccordo
***REMOVED***;dentro_raccordo
***REMOVED***;dentro_raccordo
***REMOVED***;dentro_raccordo
***REMOVED***;dentro_raccordo
***REMOVED***;dentro_raccordo
***REMOVED***;dentro_raccordo
***REMOVED***;dentro_raccordo
***REMOVED***;dentro_raccordo
***REMOVED***;dentro_raccordo
***REMOVED***;dentro_raccordo
***REMOVED***;dentro_raccordo
***REMOVED***;dentro_raccordo
***REMOVED***;dentro_raccordo
***REMOVED***;dentro_raccordo
***REMOVED***;dentro_raccordo
***REMOVED***;dentro_raccordo
***REMOVED***;dentro_raccordo
***REMOVED***;dentro_raccordo
***REMOVED***;dentro_raccordo
***REMOVED***;dentro_raccordo
***REMOVED***;dentro_raccordo
***REMOVED***;dentro_raccordo
***REMOVED***;dentro_raccordo
***REMOVED***;dentro_raccordo
***REMOVED***;dentro_raccordo
***REMOVED***;dentro_raccordo
***REMOVED***;dentro_raccordo
***REMOVED***;dentro_raccordo
***REMOVED***;dentro_raccordo
***REMOVED***;dentro_raccordo
***REMOVED***;dentro_raccordo
***REMOVED***;dentro_raccordo
***REMOVED***;dentro_raccordo
***REMOVED***;dentro_raccordo
***REMOVED***;dentro_raccordo
***REMOVED***;dentro_raccordo
***REMOVED***;dentro_raccordo
***REMOVED***;dentro_raccordo
***REMOVED***;dentro_raccordo
***REMOVED***;dentro_raccordo
***REMOVED***;dentro_raccordo
***REMOVED***;dentro_raccordo
***REMOVED***;dentro_raccordo
***REMOVED***;dentro_raccordo
***REMOVED***;dentro_raccordo
***REMOVED***;dentro_raccordo
***REMOVED***;dentro_raccordo
***REMOVED***;dentro_raccordo
***REMOVED***;dentro_raccordo
***REMOVED***;dentro_raccordo
***REMOVED***;dentro_raccordo
***REMOVED***;dentro_raccordo
***REMOVED***;dentro_raccordo
***REMOVED***;dentro_raccordo
***REMOVED***;dentro_raccordo
***REMOVED***;dentro_raccordo
***REMOVED***;dentro_raccordo
***REMOVED***;dentro_raccordo
***REMOVED***;dentro_raccordo
***REMOVED***;dentro_raccordo
***REMOVED***;dentro_raccordo
***REMOVED***;dentro_raccordo
***REMOVED***;dentro_raccordo
***REMOVED***;dentro_raccordo
***REMOVED***;dentro_raccordo
***REMOVED***;dentro_raccordo
***REMOVED***;dentro_raccordo
***REMOVED***;dentro_raccordo
***REMOVED***;dentro_raccordo
***REMOVED***;dentro_raccordo
***REMOVED***;dentro_raccordo
***REMOVED***;dentro_raccordo
***REMOVED***;dentro_raccordo
***REMOVED***;dentro_raccordo
***REMOVED***;dentro_raccordo
***REMOVED***;dentro_raccordo
***REMOVED***;dentro_raccordo
***REMOVED***;dentro_raccordo
***REMOVED***;dentro_raccordo
***REMOVED***;dentro_raccordo
***REMOVED***;dentro_raccordo
***REMOVED***;dentro_raccordo
***REMOVED***;dentro_raccordo
***REMOVED***;dentro_raccordo
***REMOVED***;dentro_raccordo
***REMOVED***;dentro_raccordo
***REMOVED***;dentro_raccordo
***REMOVED***;dentro_raccordo
***REMOVED***;dentro_raccordo
***REMOVED***;dentro_raccordo
***REMOVED***;dentro_raccordo
***REMOVED***;dentro_raccordo
***REMOVED***;dentro_raccordo
***REMOVED***;dentro_raccordo
***REMOVED***;dentro_raccordo
***REMOVED***;dentro_raccordo
***REMOVED***;dentro_raccordo
***REMOVED***;dentro_raccordo
***REMOVED***;dentro_raccordo
***REMOVED***;dentro_raccordo
***REMOVED***;dentro_raccordo
***REMOVED***;dentro_raccordo
***REMOVED***;dentro_raccordo
***REMOVED***;dentro_raccordo
***REMOVED***;dentro_raccordo
***REMOVED***;dentro_raccordo
***REMOVED***;dentro_raccordo
***REMOVED***;dentro_raccordo
***REMOVED***;dentro_raccordo
***REMOVED***;dentro_raccordo
***REMOVED***;dentro_raccordo
***REMOVED***;dentro_raccordo
***REMOVED***;dentro_raccordo
***REMOVED***;dentro_raccordo
***REMOVED***;dentro_raccordo
***REMOVED***;dentro_raccordo
***REMOVED***;dentro_raccordo
***REMOVED***;dentro_raccordo
***REMOVED***;dentro_raccordo
***REMOVED***;dentro_raccordo
***REMOVED***;dentro_raccordo
***REMOVED***;dentro_raccordo
***REMOVED***;dentro_raccordo
***REMOVED***;dentro_raccordo
***REMOVED***;dentro_raccordo
***REMOVED***;dentro_raccordo
***REMOVED***;dentro_raccordo
***REMOVED***;dentro_raccordo
***REMOVED***;dentro_raccordo
***REMOVED***;dentro_raccordo
***REMOVED***;dentro_raccordo
***REMOVED***;dentro_raccordo
***REMOVED***;dentro_raccordo
***REMOVED***;dentro_raccordo
***REMOVED***;dentro_raccordo
***REMOVED***;dentro_raccordo
***REMOVED***;dentro_raccordo
***REMOVED***;dentro_raccordo
***REMOVED***;dentro_raccordo
***REMOVED***;dentro_raccordo
***REMOVED***;dentro_raccordo
***REMOVED***;dentro_raccordo
***REMOVED***;dentro_raccordo
***REMOVED***;dentro_raccordo
***REMOVED***;dentro_raccordo
***REMOVED***;dentro_raccordo
***REMOVED***;dentro_raccordo
***REMOVED***;dentro_raccordo
***REMOVED***;dentro_raccordo
***REMOVED***;dentro_raccordo
***REMOVED***;dentro_raccordo
***REMOVED***;dentro_raccordo
***REMOVED***;dentro_raccordo
***REMOVED***;dentro_raccordo
***REMOVED***;dentro_raccordo
***REMOVED***;dentro_raccordo
***REMOVED***;dentro_raccordo
***REMOVED***;dentro_raccordo
***REMOVED***;dentro_raccordo
***REMOVED***;dentro_raccordo
***REMOVED***;dentro_raccordo
***REMOVED***;dentro_raccordo
***REMOVED***;dentro_raccordo
***REMOVED***;dentro_raccordo
***REMOVED***;dentro_raccordo
***REMOVED***;dentro_raccordo
***REMOVED***;dentro_raccordo
***REMOVED***;dentro_raccordo
***REMOVED***;dentro_raccordo
***REMOVED***;dentro_raccordo
***REMOVED***;dentro_raccordo
***REMOVED***;dentro_raccordo
***REMOVED***;dentro_raccordo
***REMOVED***;dentro_raccordo
***REMOVED***;dentro_raccordo
***REMOVED***;dentro_raccordo
***REMOVED***;dentro_raccordo
***REMOVED***;dentro_raccordo
***REMOVED***;dentro_raccordo
***REMOVED***;dentro_raccordo
***REMOVED***;dentro_raccordo
***REMOVED***;dentro_raccordo
***REMOVED***;dentro_raccordo
***REMOVED***;dentro_raccordo
***REMOVED***;dentro_raccordo
***REMOVED***;dentro_raccordo
***REMOVED***;dentro_raccordo
***REMOVED***;dentro_raccordo
***REMOVED***;dentro_raccordo
***REMOVED***;dentro_raccordo
***REMOVED***;dentro_raccordo
***REMOVED***;dentro_raccordo
***REMOVED***;dentro_raccordo
***REMOVED***;dentro_raccordo
***REMOVED***;dentro_raccordo
***REMOVED***;dentro_raccordo
***REMOVED***;dentro_raccordo
***REMOVED***;dentro_raccordo
***REMOVED***;dentro_raccordo
***REMOVED***;dentro_raccordo
***REMOVED***;dentro_raccordo
***REMOVED***;dentro_raccordo
***REMOVED***;dentro_raccordo
***REMOVED***;dentro_raccordo
***REMOVED***;dentro_raccordo
***REMOVED***;dentro_raccordo
***REMOVED***;dentro_raccordo
***REMOVED***;dentro_raccordo
***REMOVED***;dentro_raccordo
***REMOVED***;dentro_raccordo
***REMOVED***;dentro_raccordo
***REMOVED***;dentro_raccordo
***REMOVED***;dentro_raccordo
***REMOVED***;dentro_raccordo
***REMOVED***;dentro_raccordo
***REMOVED***;dentro_raccordo
***REMOVED***;dentro_raccordo
***REMOVED***;dentro_raccordo
***REMOVED***;dentro_raccordo
***REMOVED***;dentro_raccordo
***REMOVED***;dentro_raccordo
***REMOVED***;dentro_raccordo
***REMOVED***;dentro_raccordo
***REMOVED***;dentro_raccordo
***REMOVED***;dentro_raccordo
***REMOVED***;dentro_raccordo
***REMOVED***;dentro_raccordo
***REMOVED***;dentro_raccordo
***REMOVED***;dentro_raccordo
***REMOVED***;dentro_raccordo
***REMOVED***;dentro_raccordo
***REMOVED***;dentro_raccordo
***REMOVED***;dentro_raccordo
***REMOVED***;dentro_raccordo
***REMOVED***;dentro_raccordo
***REMOVED***;dentro_raccordo
***REMOVED***;dentro_raccordo
***REMOVED***;dentro_raccordo
***REMOVED***;dentro_raccordo
***REMOVED***;dentro_raccordo
***REMOVED***;dentro_raccordo
***REMOVED***;dentro_raccordo
***REMOVED***;dentro_raccordo
***REMOVED***;dentro_raccordo
***REMOVED***;dentro_raccordo
***REMOVED***;dentro_raccordo
***REMOVED***;dentro_raccordo
***REMOVED***;dentro_raccordo
***REMOVED***;dentro_raccordo
***REMOVED***;dentro_raccordo
***REMOVED***;dentro_raccordo
***REMOVED***;dentro_raccordo
***REMOVED***;dentro_raccordo
***REMOVED***;dentro_raccordo
***REMOVED***;dentro_raccordo
***REMOVED***;dentro_raccordo
***REMOVED***;dentro_raccordo
***REMOVED***;dentro_raccordo
***REMOVED***;dentro_raccordo
***REMOVED***;dentro_raccordo
***REMOVED***;dentro_raccordo
***REMOVED***;dentro_raccordo
***REMOVED***;dentro_raccordo
***REMOVED***;dentro_raccordo
***REMOVED***;dentro_raccordo
***REMOVED***;dentro_raccordo
***REMOVED***;dentro_raccordo
***REMOVED***;dentro_raccordo
***REMOVED***;dentro_raccordo
***REMOVED***;dentro_raccordo
***REMOVED***;dentro_raccordo
***REMOVED***;dentro_raccordo
***REMOVED***;dentro_raccordo
***REMOVED***;dentro_raccordo
***REMOVED***;dentro_raccordo
***REMOVED***;dentro_raccordo
***REMOVED***;dentro_raccordo
***REMOVED***;dentro_raccordo
***REMOVED***;dentro_raccordo
***REMOVED***;dentro_raccordo
***REMOVED***;dentro_raccordo
***REMOVED***;dentro_raccordo
***REMOVED***;dentro_raccordo
***REMOVED***;dentro_raccordo
***REMOVED***;dentro_raccordo
***REMOVED***;dentro_raccordo
***REMOVED***;dentro_raccordo
***REMOVED***;dentro_raccordo
***REMOVED***;dentro_raccordo
***REMOVED***;dentro_raccordo
***REMOVED***;dentro_raccordo
***REMOVED***;dentro_raccordo
***REMOVED***;dentro_raccordo
***REMOVED***;dentro_raccordo
***REMOVED***;dentro_raccordo
***REMOVED***;dentro_raccordo
***REMOVED***;dentro_raccordo
***REMOVED***;dentro_raccordo
***REMOVED***;dentro_raccordo
***REMOVED***;dentro_raccordo
***REMOVED***;dentro_raccordo
***REMOVED***;dentro_raccordo
***REMOVED***;dentro_raccordo
***REMOVED***;dentro_raccordo
***REMOVED***;dentro_raccordo
***REMOVED***;dentro_raccordo
***REMOVED***;dentro_raccordo
***REMOVED***;dentro_raccordo
***REMOVED***;dentro_raccordo
***REMOVED***;dentro_raccordo
***REMOVED***;dentro_raccordo
***REMOVED***;dentro_raccordo
***REMOVED***;dentro_raccordo
***REMOVED***;dentro_raccordo
***REMOVED***;dentro_raccordo
***REMOVED***;dentro_raccordo
***REMOVED***;dentro_raccordo
***REMOVED***;dentro_raccordo
***REMOVED***;dentro_raccordo
***REMOVED***;dentro_raccordo
***REMOVED***;dentro_raccordo
***REMOVED***;dentro_raccordo
***REMOVED***;dentro_raccordo
***REMOVED***;dentro_raccordo
***REMOVED***;dentro_raccordo
***REMOVED***;dentro_raccordo
***REMOVED***;dentro_raccordo
***REMOVED***;dentro_raccordo
***REMOVED***;dentro_raccordo
***REMOVED***;dentro_raccordo
***REMOVED***;dentro_raccordo
***REMOVED***;dentro_raccordo
***REMOVED***;dentro_raccordo
***REMOVED***;dentro_raccordo
***REMOVED***;dentro_raccordo
***REMOVED***;dentro_raccordo
***REMOVED***;dentro_raccordo
***REMOVED***;dentro_raccordo
***REMOVED***;dentro_raccordo
***REMOVED***;dentro_raccordo
***REMOVED***;dentro_raccordo
***REMOVED***;dentro_raccordo
***REMOVED***;dentro_raccordo
***REMOVED***;dentro_raccordo
***REMOVED***;dentro_raccordo
***REMOVED***;dentro_raccordo
***REMOVED***;dentro_raccordo
***REMOVED***;dentro_raccordo
***REMOVED***;dentro_raccordo
***REMOVED***;dentro_raccordo
***REMOVED***;dentro_raccordo
***REMOVED***;dentro_raccordo
***REMOVED***;dentro_raccordo
***REMOVED***;dentro_raccordo
***REMOVED***;dentro_raccordo
***REMOVED***;dentro_raccordo
***REMOVED***;dentro_raccordo
***REMOVED***;dentro_raccordo
***REMOVED***;dentro_raccordo
***REMOVED***;dentro_raccordo
***REMOVED***;dentro_raccordo
***REMOVED***;dentro_raccordo
***REMOVED***;dentro_raccordo
***REMOVED***;dentro_raccordo
***REMOVED***;dentro_raccordo
***REMOVED***;dentro_raccordo
***REMOVED***;dentro_raccordo
***REMOVED***;dentro_raccordo
***REMOVED***;dentro_raccordo
***REMOVED***;dentro_raccordo
***REMOVED***;dentro_raccordo
***REMOVED***;dentro_raccordo
***REMOVED***;dentro_raccordo
***REMOVED***;dentro_raccordo
***REMOVED***;dentro_raccordo
***REMOVED***;dentro_raccordo
***REMOVED***;dentro_raccordo
***REMOVED***;dentro_raccordo
***REMOVED***;dentro_raccordo
***REMOVED***;dentro_raccordo
***REMOVED***;dentro_raccordo
***REMOVED***;dentro_raccordo
***REMOVED***;dentro_raccordo
***REMOVED***;dentro_raccordo
***REMOVED***;dentro_raccordo
***REMOVED***;dentro_raccordo
***REMOVED***;dentro_raccordo
***REMOVED***;dentro_raccordo
***REMOVED***;dentro_raccordo
***REMOVED***;dentro_raccordo
***REMOVED***;dentro_raccordo
***REMOVED***;dentro_raccordo
***REMOVED***;dentro_raccordo
***REMOVED***;dentro_raccordo
***REMOVED***;dentro_raccordo
***REMOVED***;dentro_raccordo
***REMOVED***;dentro_raccordo
***REMOVED***;dentro_raccordo
***REMOVED***;dentro_raccordo
***REMOVED***;dentro_raccordo
***REMOVED***;dentro_raccordo
***REMOVED***;dentro_raccordo
***REMOVED***;dentro_raccordo
***REMOVED***;dentro_raccordo
***REMOVED***;dentro_raccordo
***REMOVED***;dentro_raccordo
***REMOVED***;dentro_raccordo
***REMOVED***;dentro_raccordo
***REMOVED***;dentro_raccordo
***REMOVED***;dentro_raccordo
***REMOVED***;dentro_raccordo
***REMOVED***;dentro_raccordo
***REMOVED***;dentro_raccordo
***REMOVED***;dentro_raccordo
***REMOVED***;dentro_raccordo
***REMOVED***;dentro_raccordo
***REMOVED***;dentro_raccordo
***REMOVED***;dentro_raccordo
***REMOVED***;dentro_raccordo
***REMOVED***;dentro_raccordo
***REMOVED***;dentro_raccordo
***REMOVED***;dentro_raccordo
***REMOVED***;dentro_raccordo
***REMOVED***;dentro_raccordo
***REMOVED***;dentro_raccordo
***REMOVED***;dentro_raccordo
***REMOVED***;dentro_raccordo
***REMOVED***;dentro_raccordo
***REMOVED***;dentro_raccordo
***REMOVED***;dentro_raccordo
***REMOVED***;dentro_raccordo
***REMOVED***;dentro_raccordo
***REMOVED***;dentro_raccordo
***REMOVED***;dentro_raccordo
***REMOVED***;dentro_raccordo
***REMOVED***;dentro_raccordo
***REMOVED***;dentro_raccordo
***REMOVED***;dentro_raccordo
***REMOVED***;dentro_raccordo
***REMOVED***;dentro_raccordo
***REMOVED***;dentro_raccordo
***REMOVED***;dentro_raccordo
***REMOVED***;dentro_raccordo
***REMOVED***;dentro_raccordo
***REMOVED***;dentro_raccordo
***REMOVED***;dentro_raccordo
***REMOVED***;dentro_raccordo
***REMOVED***;dentro_raccordo
***REMOVED***;dentro_raccordo
***REMOVED***;dentro_raccordo
***REMOVED***;dentro_raccordo
***REMOVED***;dentro_raccordo
***REMOVED***;dentro_raccordo
***REMOVED***;dentro_raccordo
***REMOVED***;dentro_raccordo
***REMOVED***;dentro_raccordo
***REMOVED***;dentro_raccordo
***REMOVED***;dentro_raccordo
***REMOVED***;dentro_raccordo
***REMOVED***;dentro_raccordo
***REMOVED***;dentro_raccordo
***REMOVED***;dentro_raccordo
***REMOVED***;dentro_raccordo
***REMOVED***;dentro_raccordo
***REMOVED***;dentro_raccordo
***REMOVED***;dentro_raccordo
***REMOVED***;dentro_raccordo
***REMOVED***;dentro_raccordo
***REMOVED***;dentro_raccordo
***REMOVED***;dentro_raccordo
***REMOVED***;dentro_raccordo
***REMOVED***;dentro_raccordo
***REMOVED***;dentro_raccordo
***REMOVED***;dentro_raccordo
***REMOVED***;dentro_raccordo
***REMOVED***;dentro_raccordo
***REMOVED***;dentro_raccordo
***REMOVED***;dentro_raccordo
***REMOVED***;dentro_raccordo
***REMOVED***;dentro_raccordo
***REMOVED***;dentro_raccordo
***REMOVED***;dentro_raccordo
***REMOVED***;dentro_raccordo
***REMOVED***;dentro_raccordo
***REMOVED***;dentro_raccordo
***REMOVED***;dentro_raccordo
***REMOVED***;dentro_raccordo
***REMOVED***;dentro_raccordo
***REMOVED***;dentro_raccordo
***REMOVED***;dentro_raccordo
***REMOVED***;dentro_raccordo
***REMOVED***;dentro_raccordo
***REMOVED***;dentro_raccordo
***REMOVED***;dentro_raccordo
***REMOVED***;dentro_raccordo
***REMOVED***;dentro_raccordo
***REMOVED***;dentro_raccordo
***REMOVED***;dentro_raccordo
***REMOVED***;dentro_raccordo
***REMOVED***;dentro_raccordo
***REMOVED***;dentro_raccordo
***REMOVED***;dentro_raccordo
***REMOVED***;dentro_raccordo
***REMOVED***;dentro_raccordo
***REMOVED***;dentro_raccordo
***REMOVED***;dentro_raccordo
***REMOVED***;dentro_raccordo
***REMOVED***;dentro_raccordo
***REMOVED***;dentro_raccordo
